id,title,category1,T5_rank,T5_S_scale,T5_S_score
20177733,"

  শিবগঞ্জ পৌরসভায় প্রচারণার শীর্ষে ২ জন
",রাজনীতি,1,1.0,100.0
20177975,"

৭ মার্চ অস্বীকারকারীরা স্বাধীনতায় বিশ্বাস করে কি না সন্দেহ : পররাষ্ট্রমন্ত্রী 
চেতনাকে এগিয়ে নিতে হবে : তথ্য প্রতিমন্ত্রী
",রাজনীতি,1,1.0,100.0
20178572,"

ইসলামের পথে অবিচল থেকে দ্বীন প্রতিষ্ঠায় আত্মনিয়োগ করতে হবে : মুজিবুর রহমান
",রাজনীতি,1,1.0,100.0
20178574,"

আ’লীগ নারী নিপীড়কের ভূমিকায় অবতীর্ণ হয়েছে : রিজভী
",রাজনীতি,1,1.0,100.0
20046461,পুলিশি বাধায় মহিলা দলের র‍্যালি পণ্ড,রাজনীতি,1,1.0,100.0
20046459,নারীকে অর্থনৈতিক নিশ্চয়তা দিলে তারা সব পারবে: প্রধানমন্ত্রী,রাজনীতি,1,1.0,100.0
20046870,শায়েস্তাগঞ্জ ইউনিয়ন পরিষদের ঝুঁকিপূর্ণ ভবনেই চলছে নাগরিক সেবা,রাজনীতি,1,1.0,100.0
20046457,"গণতন্ত্র ফিরিয়ে আনতে রাজপথে নেমেছি, রাজপথে থাকবো: মঈন খান",রাজনীতি,1,1.0,100.0
20178648,"

কোরআনের বিধান বাস্তবায়নে দাঈদের প্রচেষ্টা চালাতে হবে : আব্দুস সবুর ফকির
",রাজনীতি,1,1.0,100.0
20046466,"রাজনীতিতে আছি, থাকবো",রাজনীতি,1,1.0,100.0
20046455,২০২৪ সালের সংসদীয় নির্বাচন নিয়ে চূড়ান্ত রিপোর্ট দিলো ইউরোপীয় ইউনিয়ন,রাজনীতি,1,1.0,100.0
20046453,যাকাতভিত্তিক সমাজ ব্যবস্থা প্রতিষ্ঠার মধ্যেই অর্থনৈতিক মুক্তি রয়েছে: জামায়াত,রাজনীতি,1,1.0,100.0
20178659,"

ময়মনসিংহ ও কুমিল্লা সিটি করপোরেশনে ভোটগ্রহণ শনিবার
",রাজনীতি,1,1.0,100.0
20178684,"

স্বাস্থ্যপরীক্ষা শেষে শনিবার দেশে ফিরবেন ওবায়দুল কাদের
",রাজনীতি,1,1.0,100.0
20046449,সরকারের থাবা থেকে নোবেল লরিয়েটেরও রেহাই মিলছে না: রিজভী,রাজনীতি,1,1.0,100.0
20046448,পশ্চিমা আধিপত্যের যুগ শেষ: হাঙ্গেরির প্রধানমন্ত্রী,রাজনীতি,1,1.0,100.0
20178696,"

নরসিংদীর রায়পুরায় গলায় ফাঁস দিয়ে ২ নারী-পুরুষের আত্মহত্যা
",রাজনীতি,1,1.0,100.0
20046493,দেশটাই আজ কারাগারে পরিণত হয়েছে: জামায়াত,রাজনীতি,1,1.0,100.0
20178706,"

রাঙামাটিতে সড়ক দুর্ঘটনায় নিহত পরিবারে জামায়াতে ইসলামীর আর্থিক সহায়তা প্রদান
",রাজনীতি,1,1.0,100.0
20046454,দেশে দখল ও সিলেকশনের রাজনীতি চলছে: আমির খসরু,রাজনীতি,1,1.0,100.0
20046467,"ভাঙ্গায় বাস উল্টে নিহত ৩, আহত ৩০",রাজনীতি,1,1.0,100.0
20046865,নিউইয়র্ক মেয়রের ইফতার মাহফিল বর্জনের আহ্বান মুসলমান কাউন্সিলম্যানের,রাজনীতি,1,1.0,100.0
20046469,"সুপ্রিম কোর্ট বারে ভোট গণনায় হামলা, মারামারি",রাজনীতি,1,1.0,100.0
20178123,"

ঐতিহাসিক ৭ মার্চ উদযাপিত
",রাজনীতি,1,1.0,100.0
20178073,"

ওমরাহ করতে গিয়ে সড়ক দুর্ঘটনায় প্রাণ গেল টেকনাফের হাফেজ মাওলানা মঈনের 
",রাজনীতি,1,1.0,100.0
20178059,"

   ঢাকা মহানগর উত্তর বিএনপির যৌথ সভা অনুষ্ঠিত
",রাজনীতি,1,1.0,100.0
20178014,"

দলীয় প্রার্থী শুধু জাপার বাকিরা সবাইতন্ত্র
	ময়মনসিংহ ও কুমিল্লা সিটি নির্বাচন কাল
",রাজনীতি,1,1.0,100.0
20178342,"

মিরসরাইয়ে পিকআপে বাসের ধাক্কায় বিএনপি নেতা নিহত
",রাজনীতি,1,1.0,100.0
20178367,"

বাংলাদেশী ভ্যানচালকের স্বপ্ন বাস্তবে রূপ দিলেন সৌদি বাদশাহ
",রাজনীতি,1,1.0,100.0
20178368,"

শুক্রবার ইস্তাম্বুল সফর করবেন জেলেনস্কি
",রাজনীতি,1,1.0,100.0
20178004,"

আন্দোলন সফলে নতুন কৌশল নিয়ে এগোতে হবে : গয়েশ্বর রায়
",রাজনীতি,1,1.0,100.0
20178389,"

ছাত্রদলের নবনির্বাচিত নেতারা জীবন বাজি রেখে ভোটাধিকার নিশ্চিত করবে : প্রত্যাশা মঈন খানের
",রাজনীতি,1,1.0,100.0
20178394,"

জিয়ার মাজারে নব-নির্বাচিত ছাত্রদলের নেতৃবৃন্দের শ্রদ্ধা ও শপথ
",রাজনীতি,1,1.0,100.0
20178451,"

মহিলা দলের বিশ্ব নারী দিবসের র‌্যালিতে পুলিশের বাধা
",রাজনীতি,1,1.0,100.0
20177996,"

ভাবির পর দেবরের জাতীয় পার্টির সম্মেলনের ঘোষণা
",রাজনীতি,1,1.0,100.0
20177995,"

রমজানের আগেই ফিলিস্তিনে যুদ্ধ বন্ধ করতে হবে : জামায়াত
",রাজনীতি,1,1.0,100.0
20046478,লিখে রাখছি সবকিছুর হিসাব দিতেই হবে,রাজনীতি,1,1.0,100.0
20046860,শিক্ষামন্ত্রীর কাছে কওমি প্রতিনিধিদলের ৯ প্রস্তাব,রাজনীতি,1,1.0,100.0
20046475,শেষ মুহূর্তে প্রতিশ্রুতির ফুলঝুরি নিয়ে ভোটারদের দ্বারে প্রার্থীরা,রাজনীতি,1,1.0,100.0
20046473,ভুট্টোর বিচার প্রক্রিয়া ছিল ভুল,রাজনীতি,1,1.0,100.0
20178476,"

‘জামায়াতে ইসলামীর সদস্যদের জ্ঞান ও যোগ্যতায় অগ্রগামী হতে হবে-মিয়া গোলাম পরওয়ার
",রাজনীতি,1,1.0,100.0
20046470,"রাজনীতিতে আসছি না, দেশও ছেড়ে যাবো না",রাজনীতি,1,1.0,100.0
20178717,"

পিরোজপুরে সড়ক দুর্ঘটনায় নিহত ৭ জনের লাশ পরিবারের কাছে হস্তান্তর
",রাজনীতি,1,1.0,100.0
20047129,মাদকের অভিশাপ থেকে যুবকদের দূরে রাখতে খেলাধুলার বিকল্প নেই: এমপি আজাদ,রাজনীতি,1,1.0,100.0
20046446,রাজনৈতিক সংকটের শেষ মাশুল গুনতে হয় নারীদেরকে: সাইফুল হক,রাজনীতি,1,1.0,100.0
20177902,"

সব কিছুর হিসাব সরকারকে দিতেই হবে : ফারুক
",রাজনীতি,1,1.0,100.0
20046424,"নবীগঞ্জে সন্ত্রাস প্রতিরোধে আওয়ামী লীগ, বিএনপি ও জাপার ঐক্য",রাজনীতি,1,1.0,100.0
20177782,"

নীলফামারীতে নারী দিবস উপলক্ষে মতবিনিময় সভা
",রাজনীতি,1,1.0,100.0
20046421,"বিএনপি জনগণের চিন্তা করে না, শুধু ক্ষমতায় যাওয়ার চিন্তা করে: স্বরাষ্ট্রমন্ত্রী",রাজনীতি,1,1.0,100.0
20046417,চাঁপাইনবাবগঞ্জে ভাষণ বন্ধ ও কটূক্তির অভিযোগে শিক্ষক আটক,রাজনীতি,1,1.0,100.0
20044851,ঐতিহাসিক ৭ই মার্চ পালিত,রাজনীতি,1,1.0,100.0
20222818,"

রমজানের আগেই ডা: শফিকুর রহমানসহ আটক নেতাদের মুক্তি দিন : মাওলানা আবদুল হালিম
",রাজনীতি,1,1.0,100.0
20182270,"

‘যাকাত ভিত্তিক সমাজব্যবস্থা প্রতিষ্ঠার মধ্যেই আর্ত-মানবতার অর্থনৈতিক মুক্তি রয়েছে’ : অধ্যাপক মুজিবুর রহমান
",রাজনীতি,1,1.0,100.0
20182328,"

 তারেক রহমানের বিরুদ্ধে সব মামলাই রাজনৈতিক প্রতিহিংসার : ডা: শাহাদাত
",রাজনীতি,1,1.0,100.0
20182356,"

সিটি করপোরেশনের ভোট কাল, শেষ মুহূর্তের প্রচারে সরব ময়মনসিংহ
",রাজনীতি,1,1.0,100.0
20044844,ওমরাহ্‌ পালনে গিয়ে সড়ক দুর্ঘটনায় হাফেজের মৃত্যু,রাজনীতি,1,1.0,100.0
20182369,"

শৈলকুপায় এমপি পারভীন জামান কল্পনাকে সংবর্ধনা 
",রাজনীতি,1,1.0,100.0
20182377,"

বুড়িমারী স্থলবন্দরে শ্রমিকনেতাসহ তিনজনকে গ্রেফতার
",রাজনীতি,1,1.0,100.0
20182403,"

 ধাপেরহাটে ভাই-ভাতিজা-স্ত্রীসহ ৫ প্রার্থী, মাঠে লড়ছেন ২ জন
",রাজনীতি,1,1.0,100.0
20044836,নরসিংদীতে যথাযোগ্য মর্যাদায় ঐতিহাসিক ৭ই মার্চ দিবস উদযাপন,রাজনীতি,1,1.0,100.0
20177725,"

 গদখালীতে প্রিন্স ও আশরাফের প্রতিদ্বন্দ্বিতার আভাস
",রাজনীতি,1,1.0,100.0
20182240,"

শিল্পাঞ্চল থানার উদ্যোগে পবিত্র রমজানের উপহারসামগ্রী প্রদান
",রাজনীতি,1,1.0,100.0
20177557,"

যুদ্ধের প্রস্তুতি জোরদার করার নির্দেশ কিম জং উনের 
",রাজনীতি,1,1.0,100.0
20177853,"

হরিপুরে ৭ মার্চ পালিত
",রাজনীতি,1,1.0,100.0
20046440,বিরোধী দলের ঐক্য ভাঙতে পারে নাই সরকার: মান্না,রাজনীতি,1,1.0,100.0
20046437,নতুন নির্বাচন দিয়ে জনগণের ভোটাধিকার ফিরিয়ে দিন: নুর,রাজনীতি,1,1.0,100.0
20046432,সরাইলে বৃদ্ধা খুন,রাজনীতি,1,1.0,100.0
20177829,"

নাটোরে আটকের পর মারা যাওয়া বিএনপি নেতার বাড়িতে দুলু
",রাজনীতি,1,1.0,100.0
20178174,"

বঙ্গবন্ধু আটচল্লিশেই সিদ্ধান্ত নেন আর পরাধীন থাকা নয় : প্রধানমন্ত্রী
",রাজনীতি,1,1.0,100.0
20046429,‘জয় বাংলা স্লোগান মুক্তিযুদ্ধের অনুপ্রেরণা’,রাজনীতি,1,1.0,100.0
20046427,যশোরে কারাগারে সাজাপ্রাপ্ত কয়েদির মৃত্যু,রাজনীতি,1,1.0,100.0
20177806,"

অবাধে বালু উত্তোলন, হুমকির মুখে হাওরের নদী
",রাজনীতি,1,1.0,100.0
20174086,"
সোলায়মান আহসান 
তোমাকে সেলাম বুশনেল!
",রাজনীতি,1,1.0,100.0
20174132,"

পরিচ্ছন্নতা রক্ষায় মসজিদে ইফতার নিষিদ্ধ করল সৌদি
",অর্থনীতি,2,0.875,87.5
20178149,"
	সংবাদ সম্মেলনে সিআইডি 
বেইলি রোডের আগুন গ্যাস সিলিন্ডার থেকে হতে পারে
",অর্থনীতি,2,0.875,87.5
20177646,"

টেকনো ড্রাগস পুঁজিবাজার থেকে এক শ’ কোটি টাকা তুলবে
আসছে এম কে পাওয়ারের ৫৫ কোটি টাকার বন্ড
",অর্থনীতি,2,0.875,87.5
20177635,"

পতনের ধাক্কায় হতভম্ব ও আতঙ্কে বিনিয়োগকারীরা
",অর্থনীতি,2,0.875,87.5
20174032,"
নার্সারির সাফল্য পথ দেখাল 
একটি উজ্জ্বল দৃষ্টান্ত
",অর্থনীতি,2,0.875,87.5
20177634,"

আড়ং কুমিল্লা এখন নতুন ঠিকানায় 
",অর্থনীতি,2,0.875,87.5
20174043,"
জিকে প্রকল্পে সব পাম্প অচল 
পানি সরবরাহ নিশ্চিত করুন 
",অর্থনীতি,2,0.875,87.5
20177623,"

 রমজানে পুঁজিবাজারে লেনদেনে নতুন সময়
",অর্থনীতি,2,0.875,87.5
20177610,"

তাসমিয়া কসমেটিকসের পরিবেশক সম্মেলন
",অর্থনীতি,2,0.875,87.5
20177876,"

নারী দিবসে সম্মাননা পাচ্ছেন ৫ জয়িতা
",অর্থনীতি,2,0.875,87.5
20177721,"

জামালপুরে হিজড়া জনগোষ্ঠীর সাথে মতবিনিময় সভা
",অর্থনীতি,2,0.875,87.5
20177864,"

ঢাকা থেকে সরাসরি ফ্লাইট চালানোর অনুমতি পেয়েছে এয়ার চায়না 
",অর্থনীতি,2,0.875,87.5
20177961,"
	টিসিবির দ্বিতীয় পর্বের বিক্রি শুরু 
আগের দামেই মিলবে চিনি
",অর্থনীতি,2,0.875,87.5
20177845,"

কালকিনিতে চাষ হচ্ছে সুপার ফুড সিয়া সিড
",অর্থনীতি,2,0.875,87.5
20046861,বেইলি রোডের আগুন কফির দোকান ‘চা চুমুক’ থেকে: পুলিশ,অর্থনীতি,2,0.875,87.5
20177738,"

ঝিকরগাছায় মশালের আগুনে ২ গরুর মৃত্যু
",অর্থনীতি,2,0.875,87.5
20046862,"পোশাক নিয়ে যুক্তরাষ্ট্রের তদন্ত, উদ্বেগে ব্যবসায়ীরা",অর্থনীতি,2,0.875,87.5
20177787,"

 ধামরাইয়ে এক দিনে ২ জনের লাশ উদ্ধার
",অর্থনীতি,2,0.875,87.5
20177979,"

চট্টগ্রামে বিস্ফোরণে দগ্ধ ৪
",অর্থনীতি,2,0.875,87.5
20177758,"
অভিযান শেষ 
রানীনগর ও আত্রাই গুদামে কোনো ধান সংগৃহীত হয়নি
",অর্থনীতি,2,0.875,87.5
20177925,"

নারায়ণগঞ্জের ট্রেনের যাত্রীরা ছুটছেন বাসে
	পদ্মা রেলসেতুর কাজ গেন্ডারিয়ায় পরিপূর্ণ শেষ হয়নি
",অর্থনীতি,2,0.875,87.5
20177954,"

সত্যকে অস্বীকার করেছেন বিআরটিএ চেয়ারম্যান : টিআইবি
",অর্থনীতি,2,0.875,87.5
20177962,"

এক সপ্তাহে ভারত থেকে আমদানি হলো ১৪০০ টন ছোলা
",অর্থনীতি,2,0.875,87.5
20178464,"

পিরোজপুরে বাস মোটরসাইকেল অটোরিকশার ত্রিমুখী সংঘর্ষে নিহত ৭
",অর্থনীতি,2,0.875,87.5
20178186,"

আইএমএফের ফর্মুলায় পৌনে দুই ভাগ কমলো জ্বালানি তেলের দাম
	দেড় বছর আগে বাড়ানো হয়েছিল ৪২ শতাংশ
",অর্থনীতি,2,0.875,87.5
20046443,শ্রমিক আনার জন্য বাংলাদেশি এজেন্ট সিস্টেম বাতিল করছে মালয়েশিয়া,অর্থনীতি,2,0.875,87.5
20046442,বিসিএসআইআর’র আন্তর্জাতিক বৈজ্ঞানিক সম্মেলন উদ্বোধন,অর্থনীতি,2,0.875,87.5
20046495,নবীন-প্রবীণে জমে উঠেছে বিজিএমইএ নির্বাচন,অর্থনীতি,2,0.875,87.5
20046438,নারী স্টাফ দিয়ে দাম্মাম ফ্লাইট পরিচালনা করলো বিমান,অর্থনীতি,2,0.875,87.5
20182221,"

চৌগাছায় কৃষকের দেড় বিঘা জমির পটল গাছ কেটে দিয়েছে দুর্বৃত্তরা
",অর্থনীতি,2,0.875,87.5
20182222,"

আরব আমিরাতে বাংলাদেশীদের কর্মসংস্থান সহজীকরণের প্রস্তাব পররাষ্ট্রমন্ত্রীর
",অর্থনীতি,2,0.875,87.5
20182229,"

তামাবিল মহাসড়কে বাস ও ট্রাকের মুখোমুখি সংঘর্ষে নিহত ১
",অর্থনীতি,2,0.875,87.5
20046431,গাজীপুরের বারি’র সবজির ১৩৫টি জাত ও ৭৭টি প্রযুক্তি উদ্ভাবন,অর্থনীতি,2,0.875,87.5
20046430,৮ বছর ধরে জলকপাট অকেজো,অর্থনীতি,2,0.875,87.5
20182237,"

প্রথমবারের মতো ফ্লাইট পরিচালনার সব দায়িত্ব পালন করলেন বিমানের নারীরা
",অর্থনীতি,2,0.875,87.5
20182273,"

মির্জাগঞ্জ দরবার শরীফে ২ দিনব্যাপী বার্ষিক মাহফিল আজ শুরু
",অর্থনীতি,2,0.875,87.5
20046422,চিলমারী-রৌমারী নৌ-রুটে ২ মাস ধরে ফেরি চলাচল বন্ধ,অর্থনীতি,2,0.875,87.5
20182274,"

শুক্রবার সকালে ঢাকার বাতাস ‘অস্বাস্থ্যকর’
",অর্থনীতি,2,0.875,87.5
20046419,দিরাইয়ে নির্মাণের মাস না যেতেই আরসিসি সড়কে ভাঙন,অর্থনীতি,2,0.875,87.5
20182303,"

আন্তর্জাতিক নারী দিবস আজ
",অর্থনীতি,2,0.875,87.5
20182313,"

 অস্থির চিনির বাজার
বাজারে কৃত্রিম সঙ্কট : দুই দিনে মণপ্রতি বেড়েছে ১৭০ টাকা
",অর্থনীতি,2,0.875,87.5
20044843,সিলেটে মেয়রের কঠোর হুঁশিয়ারি রমজানে দ্রব্যমূল্য বাড়ানোর চেষ্টা করা হলে ব্যবস্থা,অর্থনীতি,2,0.875,87.5
20044842,৬৪ ঘণ্টা পর এস আলম চিনি কলের আগুন নিয়ন্ত্রণে,অর্থনীতি,2,0.875,87.5
20222817,"

গলায় দড়ি বাঁধা রিকশাচালকের লাশ উদ্ধার
",অর্থনীতি,2,0.875,87.5
20178687,"

সঞ্চয় ও গহনা বিক্রির অর্থ দিয়ে মসজিদ নির্মাণ করলেন জাহানারা
",অর্থনীতি,2,0.875,87.5
20178634,"

ইতিহাসের ‘সবচেয়ে রহস্যময়’ বিমান দুর্ঘটনার পেছনের তত্ত্ব
",অর্থনীতি,2,0.875,87.5
20182195,"

মান্দায় সড়ক দুর্ঘটনায় হতাহত ৩
",অর্থনীতি,2,0.875,87.5
20178455,"

দেশের সার্বিক উন্নয়নে নারী-পুরুষের সমান অংশগ্রহণ প্রয়োজন : প্রধানমন্ত্রী
",অর্থনীতি,2,0.875,87.5
20046492,দ্রব্যমূল্য ক্রয়ক্ষমতার মধ্যে আনতে হবে: খেলাফত মজলিস,অর্থনীতি,2,0.875,87.5
20178257,"

কত চাঁদা আদায় হয় পরিবহণ খাত থেকে?
",অর্থনীতি,2,0.875,87.5
20178312,"

চৌগাছায় মশালের আগুনে গরুসহ বসতবাড়ি পুড়ে ছাই
",অর্থনীতি,2,0.875,87.5
20178327,"

রাজধানীতে দুর্বৃত্তের ছুরিকাঘাতে শিক্ষার্থী নিহত
",অর্থনীতি,2,0.875,87.5
20178618,"

ঢাকায় চিহ্নিত হচ্ছে ঝুঁকিপূর্ণ ভবন; এগুলো কি ভাঙতে হবে?
",অর্থনীতি,2,0.875,87.5
20046479,বাণিজ্য করতে সিলেটে সিএনজি অটোরিকশার রেজিস্ট্রেশনের পাঁয়তারা,অর্থনীতি,2,0.875,87.5
20177660,"

ইসলামী ব্যাংকের কর্মকর্তা সম্মেলন অনুষ্ঠিত
",অর্থনীতি,2,0.875,87.5
20178475,"

বাংলাদেশে বিদ্যুতের দাম এভাবে বাড়ছে কেন?
",অর্থনীতি,2,0.875,87.5
20046474,চুরির পর উল্লাস,অর্থনীতি,2,0.875,87.5
20177657,"

  কর্মসংস্থান ব্যাংকের চট্টগ্রাম বিভাগীয় ব্যবসায়িক পর্যালোচনা সভা অনুষ্ঠিত
",অর্থনীতি,2,0.875,87.5
20046472,জ্বালানি তেলের দাম কমলো যে হারে,অর্থনীতি,2,0.875,87.5
20177988,"
	৭ আবেদন খারিজ 
গ্রামীণ কল্যাণকে ১১৯ কোটি টাকা আয়কর দিতে হবে
",আইন,3,0.75,75.0
20177968,"
	৮১ লাখ টাকার কমিশন বাণিজ্য 
ফার্স্ট ফাইন্যান্সের ৭ কর্মকর্তার বিরুদ্ধে দুদকের চার্জশিট
",আইন,3,0.75,75.0
20222809,"

সোনারগাঁওয়ে প্রতিপক্ষের হামলায় ইউপি সদস্যসহ ৮ জন আহত
",আইন,3,0.75,75.0
20182385,"

 কক্সবাজার-টেকনাফ মেরিন ড্রাইভ সড়কে অজ্ঞাত ব্যক্তির লাশ উদ্ধার
",আইন,3,0.75,75.0
20177946,"

চট্টগ্রামে দলবদ্ধ ধর্ষণে অসুস্থ প্রেমিকার মৃত্যু প্রেমিকসহ গ্রেফতার ২
",আইন,3,0.75,75.0
20178098,"

 জামালপুরে ডাকাতির পর হত্যা : পাঁচজনকে আমৃত্যু কারাদণ্ড
",আইন,3,0.75,75.0
20182360,"

সুপ্রিম কোর্ট বার নির্বাচনে ভোট গ্রহণ শেষ, রাতেই গণনা   
৫,৩১৯ জন আইনজীবীর ভোট প্রদান
",আইন,3,0.75,75.0
20182334,"

   চট্টগ্রাম পাসপোর্ট অফিসে অনিয়ম : পুলিশ ও আনসারের সম্পৃক্ততা পেয়েছে দুদক
",আইন,3,0.75,75.0
20182324,"

যশোর কেন্দ্রীয় কারাগারে যাবজ্জীবন সাজাপ্রাপ্ত আসামির মৃত্যু
",আইন,3,0.75,75.0
20178084,"

বরিশালে আবাসিক হোটেল থেকে গ্রেফতার ২৫
",আইন,3,0.75,75.0
20178298,"

ভাঙ্গায় বাস দুর্ঘটনায় নিহত ৩
",আইন,3,0.75,75.0
20177772,"

 চকরিয়ায় মহাসড়ক থেকে লুট হওয়া ১৭টি গরু উদ্ধার, গ্রেফতার ২ 
",আইন,3,0.75,75.0
20178494,"

মিয়ানমার সীমান্তের ওপারে জান্তা বাহিনীর দফায় দফায় হামলা, এপারে আতঙ্ক
",আইন,3,0.75,75.0
20177779,"

  আশুগঞ্জ থেকে চুরি হওয়া ৫ টন চালসহ গ্রেফতার ২
",আইন,3,0.75,75.0
20177922,"
 	তিন মাসে শতাধিক ফোন উদ্ধার  
গোপন ছবি-ভিডিও মোবাইল ফোনে না রাখার অনুরোধ সিআইডির
",আইন,3,0.75,75.0
20178012,"

তিন জেলায় অগ্নিকাণ্ডে ব্যাপক ক্ষয়ক্ষতি
",আইন,3,0.75,75.0
20178381,"

দোয়ারাবাজারে মোটরসাইকেল দুর্ঘটনায় যুবকের মৃত্যু
",আইন,3,0.75,75.0
20177802,"

গফরগাঁওয়ে ব্রহ্মপুত্র পাড়ি দিতে গিয়ে নিখোঁজ হওয়া যুবকের লাশ উদ্ধার 
",আইন,3,0.75,75.0
20177921,"

ইভ্যালির রাসেল-শামীমার সম্পত্তি ক্রোকের নির্দেশ
",আইন,3,0.75,75.0
20177812,"

 কুমিল্লায় শিক্ষককে কুপিয়ে হত্যা
",আইন,3,0.75,75.0
20178725,"

ভূরুঙ্গামারীতে ইউপি চেয়ারম্যানসহ পরিবারের ৭ সদস্য হঠাৎ অসুস্থ
",আইন,3,0.75,75.0
20178482,"

গফরগাঁওয়ে হত্যা মামলার আসামিকে কুপিয়ে হত্যা
",আইন,3,0.75,75.0
20177843,"

জালিয়াতির মামলায় দুপচাঁচিয়ার পৌরমেয়র জাহাঙ্গীর কারগারে
",আইন,3,0.75,75.0
20182200,"

জমি নিয়ে বিরোধের জেরে নোয়াখালীতে একই পরিবারের ৪ জনকে কুপিয়ে জখম
",আইন,3,0.75,75.0
20177870,"

মুলাদীতে দুই গ্রুপের দ্বন্দ্বে ২৫ বছরে ২৮ খুন, ৯৩৪ মামলা
তিন জেলার পুলিশের উপস্থিতিতে সমঝোতার উদ্যোগ ব্যর্থ
",আইন,3,0.75,75.0
20178597,"

দর্শনা সীমান্তে কোটি টাকার স্বর্ণেরবারসহ যুবক আটক
",আইন,3,0.75,75.0
20042528,নিয়ন্ত্রণ হারিয়ে যাত্রীবাহী বাস খাদে পড়ে নিহত ৩,আইন,3,0.75,75.0
20046433,শৈলকুপায় কলেজ ছাত্রকে হাতুড়ি পেটা,আইন,3,0.75,75.0
20046428,মেহেরপুরে কারাগারে হাজতির মৃত্যু,আইন,3,0.75,75.0
20046426,কালীগঞ্জ উপজেলা চেয়ারম্যানের বিরুদ্ধে দুদকের অনুসন্ধান,আইন,3,0.75,75.0
20046456,পিরোজপুরে ত্রিমুখী সংঘর্ষে নিহত ৭,আইন,3,0.75,75.0
20046423,চরফ্যাশন আশ্রয়ণ প্রকল্পের ঘর পুনঃনির্মাণ শুরু,আইন,3,0.75,75.0
20046864,সেনাদের ১০ আউটপোস্টে কাচিন বিদ্রোহীদের হামলা,আইন,3,0.75,75.0
20046420,কসবায় ১০৫ কেজি গাঁজা উদ্ধার,আইন,3,0.75,75.0
20046476,ড. ইউনূসের গ্রামীণ কল্যাণকে দিতে হবে ১১৯ কোটি টাকা আয়কর,আইন,3,0.75,75.0
20046480,২ দিনের ভোট শেষ অপেক্ষা ফলাফলের,আইন,3,0.75,75.0
20046434,কিশোরগঞ্জে ৩ দিনব্যাপী ছড়া উৎসব ও চন্দ্রাবতী মেলার উদ্বোধন,আইন,3,0.75,75.0
20177568,"

ইমরানকে বন্দী রাখা আদিয়ালা কারাগারে হামলার চেষ্টা
",আইন,3,0.75,75.0
20046418,মৃত্যুদণ্ডপ্রাপ্ত প্রধান আসামি শাহিন আটক,আইন,3,0.75,75.0
20177650,"

পদ্মা ব্যাংকের আরো ১ ঋণখেলাপি গ্রেফতার
",আইন,3,0.75,75.0
20046435,যুথী- কাজলসহ ২০ জনের বিরুদ্ধে হত্যাচেষ্টা মামলা,আইন,3,0.75,75.0
20044846,মুকসুদপুরে নিখোঁজের এক মাস পর বস্তাবন্দি লাশ উদ্ধার,আইন,3,0.75,75.0
20044845,নবীগঞ্জে খতনা করতে গিয়ে লিঙ্গ কর্তন,আইন,3,0.75,75.0
20044835,খুলনায় উপজেলা চেয়ারম্যানের বিরুদ্ধে ধর্ষিতা তরুণীর আদালতে স্বীকারোক্তি,আইন,3,0.75,75.0
20044841,নবীনগরে পুত্রের হাতে পিতা খুন,আইন,3,0.75,75.0
20044840,সিলেটে ইয়াকুবিয়া হিফযুল কোরআন বোর্ডের পাগড়ি ও পুরস্কার বিতরণ,আইন,3,0.75,75.0
20044838,"হবিগঞ্জে আধিপত্য বিস্তার নিয়ে দু’পক্ষের সংঘর্ষে নিহত ১, আহত ৩০",আইন,3,0.75,75.0
20178279,"

হাইতির প্রধানমন্ত্রীর দেশে ফেরায় বাধা, পদত্যাগের চাপ
",বিজ্ঞান,4,0.625,62.5
20046444,আনুষ্ঠানিকভাবে ন্যাটোর সদস্য হলো সুইডেন,বিজ্ঞান,4,0.625,62.5
20177935,"

চাকরি ছেড়ে আত্মহারা
",বিজ্ঞান,4,0.625,62.5
20178156,"

রোজার আগে গাজায় যুদ্ধবিরতি হচ্ছে না
",বিজ্ঞান,4,0.625,62.5
20046447,রাশিয়ার সামনে মাথা নত করবে না যুক্তরাষ্ট্র: বাইডেন,বিজ্ঞান,4,0.625,62.5
20178208,"

ইন্দোনেশিয়ার রাজনীতিতে ধর্মের প্রভাব
",বিজ্ঞান,4,0.625,62.5
20046869,"মালদ্বীপের মতো ভারত-বিরোধী প্রচার বাংলাদেশেও, নেপথ্যে কি অন্য রাষ্ট্রের ইন্ধন, কী ভাবছে নয়াদিল্লি?",বিজ্ঞান,4,0.625,62.5
20178216,"
সমকালীন প্রসঙ্গ 
পিটার হাস পথ হারিয়েছেন, নাকি জয় পেয়েছেন
",বিজ্ঞান,4,0.625,62.5
20046463,মালয়েশিয়ার ইমিগ্রেশন ডিটেনশন সেন্টারে মারধর ও মানবাধিকার লঙ্ঘনের গুরুতর অভিযোগ,বিজ্ঞান,4,0.625,62.5
20046866,"আমি নারী, আপনি ফুল নাকি কাঁটা?",বিজ্ঞান,4,0.625,62.5
20046468,"মিয়ানমারে একই ব্যক্তির বিরুদ্ধে একাধিক মৃত্যুদণ্ড, বিশেষজ্ঞরা বলছেন প্রহসন",বিজ্ঞান,4,0.625,62.5
20046863,বুদ্ধিজীবীর খোঁজে,বিজ্ঞান,4,0.625,62.5
20178115,"

ন্যাটো দেশগুলো থেকে রুশ কূটনীতিক বহিষ্কার ১ হাজার ছাড়াল
",বিজ্ঞান,4,0.625,62.5
20178480,"

ট্রামকে তিরস্কার করে রাশিয়ার কাছে ‘মাথা নত না করার’ প্রতিশ্রুতি বাইডেনের
",বিজ্ঞান,4,0.625,62.5
20178228,"

কাশ্মিরের বিশেষ মর্যাদা বাতিলের পর শ্রীনগর সফর করলেন মোদি
",বিজ্ঞান,4,0.625,62.5
20046477,তারা জানে না নারী দিবস কী,বিজ্ঞান,4,0.625,62.5
20178447,"

বাইডেনের বক্তব্যের জবাব দিলেন ট্রাম্প
",বিজ্ঞান,4,0.625,62.5
20178404,"

গাজা ও ইউক্রেন নিয়ে যা বললেন বাইডেন
",বিজ্ঞান,4,0.625,62.5
20178356,"

জেলেনস্কিকে হত্যার চেষ্টা হয়নি : রাশিয়া
",বিজ্ঞান,4,0.625,62.5
20178347,"

ছুটির দিনে ঢাকা-চট্টগ্রাম মহাসড়কে তীব্র যানজট
",বিজ্ঞান,4,0.625,62.5
20178132,"

 সংগ্রামের নতুন পর্যায় শুরু
",বিজ্ঞান,4,0.625,62.5
20178412,"

বাইডেনের নেতৃত্বে বিপথে যাচ্ছে আমেরিকা : রিপাবলিকান পার্টি
",বিজ্ঞান,4,0.625,62.5
20178183,"

চীনে নতুন গোপনীয়তা আইন ১ মে থেকে
",বিজ্ঞান,4,0.625,62.5
20178191,"

সাবিনা শোলে ফিরে এসেছে চীনের সামুদ্রিক মিলিশিয়া
",বিজ্ঞান,4,0.625,62.5
20177599,"

ভিসা ছাড়াই চীন ভ্রমণ করতে পারবে ৬ দেশের নাগরিক
",বিজ্ঞান,4,0.625,62.5
20182288,"

আনুষ্ঠানিকভাবে ন্যাটোর সদস্য হলো সুইডেন
",বিজ্ঞান,4,0.625,62.5
20174127,"

 লোহিত সাগরে জাহাজে হাউছিদের হামলায় নিহত ৩
",বিজ্ঞান,4,0.625,62.5
20174121,"

ইউক্রেন যুদ্ধে ক্রমাগত অগ্রগতি রাশিয়ার
",বিজ্ঞান,4,0.625,62.5
20182282,"

আন্তর্জাতিক নারী দিবস মার্চে কেন 
",বিজ্ঞান,4,0.625,62.5
20174013,"

আগডুম বাগডুম : কবিতা
",বিজ্ঞান,4,0.625,62.5
20174106,"

সাহিত্য ও রূপবৈচিত্র্যে জসীমউদ্দীন
",বিজ্ঞান,4,0.625,62.5
20174102,"
আবু হেনা মোস্তফা কামাল 
একটি নতুন বিবেচনা মনিরুজ্জামান
",বিজ্ঞান,4,0.625,62.5
20174095,"

উপহার
",বিজ্ঞান,4,0.625,62.5
20182891,"
ব   ই    আ   লো   চ   না 
চলনবিল অঞ্চলের ইতিহাস একটি ঐতিহাসিক দলিল
",বিজ্ঞান,4,0.625,62.5
20177558,"

রাশিয়ার সাথে বন্ধুত্ব ঘনিষ্ঠ করতে চায় চীন, জাপানের উদ্বেগ
",বিজ্ঞান,4,0.625,62.5
20174083,"
বিশ্বসাহিত্যের টুকিটাকি 
হিশাম মাতারের নতুন উপন্যাসে নির্বাসিত জীবন যাতনা
",বিজ্ঞান,4,0.625,62.5
20182900,"

 পিচ্চি প্রজাপতি ও বীণা 
",বিজ্ঞান,4,0.625,62.5
20174070,"
তাজ ইসলাম  
জোড়া মাজার
",বিজ্ঞান,4,0.625,62.5
20174058,"
নকুল শর্ম্মা 
হতাশা
",বিজ্ঞান,4,0.625,62.5
20174053,"
সাহেব মাহমুদ 
মরণবীমা
",বিজ্ঞান,4,0.625,62.5
20174050,"
সমকালীন প্রসঙ্গ 
পিটার হাস পথ হারিয়েছেন, নাকি জয় পেয়েছেন
",বিজ্ঞান,4,0.625,62.5
20182906,"
ফজিলা ফয়েজ 
অদ্ভুত নেশা
",বিজ্ঞান,4,0.625,62.5
20174046,"

ইন্দোনেশিয়ার রাজনীতিতে ধর্মের প্রভাব
",বিজ্ঞান,4,0.625,62.5
20182259,"

বাংলাদেশের সংবাদমাধ্যম গণমাধ্যম হতে পারছে না
",বিজ্ঞান,4,0.625,62.5
20177890,"

   কবি নূরুল হকের জন্মদিন আজ 
",বিজ্ঞান,4,0.625,62.5
20174077,"
শাহানাজ শিউলী  
অতঃপর স্বাধীনতা
",বিজ্ঞান,4,0.625,62.5
20044848,"মৌলভীবাজারে ৫ রেলস্টেশন বন্ধ, যাত্রী দুর্ভোগ",বিজ্ঞান,4,0.625,62.5
20182393,"

 গাজীপুর পুবাইল হারেজ আলী উচ্চবিদ্যালয়ে পুরস্কার বিতরণ
",শিক্ষা,5,0.5,50.0
20044837,দাউদকান্দিতে উপজেলা প্রশাসনের উদ্যোগে ঐতিহাসিক ৭ই মার্চ উদযাপন,শিক্ষা,5,0.5,50.0
20046481,শিক্ষার্থীদের ভাবনায় বাংলাদেশে নারীর অবস্থান ও উত্তরণ,শিক্ষা,5,0.5,50.0
20178349,"

নারী দিবসে সম্মাননা পেলেন শ্রেষ্ঠ ৫ জয়িতা
",শিক্ষা,5,0.5,50.0
20178376,"

শাবিপ্রবির যে অধ্যাপক ‘মাদার অফ সোশ্যাল ওয়ার্ক’ হিসেবে পরিচিত
",শিক্ষা,5,0.5,50.0
20046471,৭ই মার্চের ভাষণ স্বাধীনতা এনে দিয়েছে,শিক্ষা,5,0.5,50.0
20046464,"লন্ডনে স্কুলে নামাজ নিষিদ্ধ, প্রতিবাদে স্কুলত্যাগ দুই ছাত্রীর",শিক্ষা,5,0.5,50.0
20178603,"

রাবি প্রেসক্লাবের সভাপতি জামিল, সম্পাদক মাহিন
",শিক্ষা,5,0.5,50.0
20178707,"

জবি ছাত্রীকে মারধরের অভিযোগে হল থেকে বহিষ্কার আরেক শিক্ষার্থী
",শিক্ষা,5,0.5,50.0
20182348,"
 রাজপথে মৃত্যুর হানা 
বাঁশখালীতে এসএসসি পরীক্ষা দিয়ে ফেরার পথে নিহত ১, আহত ৬
	অন্যান্য স্থানে প্রাণ গেল আরো ৩ জনের
",শিক্ষা,5,0.5,50.0
20177662,"

 পোর্ট সিটি ইউনিভার্সিটিতে বার্ষিক বনভোজন
",শিক্ষা,5,0.5,50.0
20222922,"
ভাণ্ডারিয়ায় আজাহারিয়া দাখিল মাদরসা 
হেলে পড়া ভবনে আতঙ্কে শিক্ষার্থীরা
",শিক্ষা,5,0.5,50.0
20178019,"

প্রাথমিকে শিক্ষক নিয়োগে দ্বিতীয় ধাপের মোখিক পরীক্ষা ১৫ মার্চ  শুরু
",শিক্ষা,5,0.5,50.0
20046867,পাঁচ নারীকে জয়িতা পুরস্কার দিলেন প্রধানমন্ত্রী,শিক্ষা,5,0.5,50.0
20177835,"

বিভিন্ন স্থানে ঐতিহাসিক ৭ মার্চ পালিত
",শিক্ষা,5,0.5,50.0
20047194,"ভারতের প্রথম এআই শিক্ষক 'আইরিস', ক্লাস নেবেন কেরালার স্কুলে",শিক্ষা,5,0.5,50.0
20177871,"

 শেষ হলো বাংলাদেশ নেপাল  সাহিত্য বিনিময় অনুষ্ঠান
",শিক্ষা,5,0.5,50.0
20046868,সিট বাতিল হলো জবির সেই শিক্ষার্থীর,শিক্ষা,5,0.5,50.0
20178065,"
	ইফার বোর্ড অব গভর্নরসের সভা 
ঈদে মিলাদুন্নবী পালনের সময় কমানোর আহ্বান 
",শিক্ষা,5,0.5,50.0
20177895,"

 ড্যাফোডিল ইউনিভার্সিটিতে পাটের কাপড়ের জ্যাকেট উদ্ভাবন
",শিক্ষা,5,0.5,50.0
20177885,"

পোর্ট সিটি ইউনিভার্সিটিতে ঐতিহাসিক ৭ মার্চ উদযাপিত
",শিক্ষা,5,0.5,50.0
20178071,"

হাটহাজারীর আল্লামা রফিকুল হকের ইন্তেকাল
",শিক্ষা,5,0.5,50.0
20178067,"

    ২৮ সরকারি কলেজে নতুন অধ্যক্ষ
",শিক্ষা,5,0.5,50.0
20177578,"

 মেক্সিকোর নৌবাহিনীর হেলিকপ্টার বিধ্বস্ত নিহত ৩
",লাইফস্টাইল,6,0.375,37.5
20047116,চোরাই ফোনের কনটেন্ট ধরে চাঁদাবাজি-ব্ল্যাকমেইল,লাইফস্টাইল,6,0.375,37.5
20182291,"

চাঁদে রুশ পরমাণুকেন্দ্র, কেন ভয় পাচ্ছে যুক্তরাষ্ট্র?
",লাইফস্টাইল,6,0.375,37.5
20178502,"

রাশিয়ার বিরুদ্ধে লড়াইয়ে ইউক্রেনকে ১০ হাজার ড্রোন দেবে যুক্তরাজ্য
",লাইফস্টাইল,6,0.375,37.5
20046451,গুগলের গোপন এআই তথ্য চীনের হাতে,লাইফস্টাইল,6,0.375,37.5
20178120,"

জার্মানির নুরেমবার্গে ১০০০ মানুষের গণকবরের সন্ধান
",লাইফস্টাইল,6,0.375,37.5
20178237,"

আমিরাতের মরুভূমিতে চাষ হবে হীরার!
",লাইফস্টাইল,6,0.375,37.5
20177930,"

সবচেয়ে পুরনো লিপস্টিক
",লাইফস্টাইল,6,0.375,37.5
20222813,"

১২ চীনা সামরিক বিমান, ৬ নৌযান ও ১ বেলুন শনাক্ত তাইওয়ানের
",লাইফস্টাইল,6,0.375,37.5
20046452,ইউক্রেনকে ১০ হাজার ড্রোন দেয়ার ঘোষণা দিয়েছে  বৃটিশ প্রতিরক্ষা মন্ত্রণালয়,লাইফস্টাইল,6,0.375,37.5
20046858,স্নিকো মিটার বিতর্কে যা বললেন সৌম্য-নাভিদ,খেলাধুলা,7,0.25,25.0
20046856,স্বাধীনতা দিবস তায়কোয়ান্দো,খেলাধুলা,7,0.25,25.0
20046857,"ড্র করেও কোয়ার্টারে রিয়াল, নাখোশ কোচ আনচেলত্তি",খেলাধুলা,7,0.25,25.0
20046489,ভারতের স্পিনে কাবু ইংল্যান্ড গাভাস্কারের পাশে জয়সওয়াল,খেলাধুলা,7,0.25,25.0
20178545,"

ক্রাইস্টচার্চে চলছে পেসারদের দাপট, স্টার্কের দারুণ মাইলফলক
",খেলাধুলা,7,0.25,25.0
20046859,সিলেট ক্রিকেটে যুক্ত হচ্ছে দুই স্টেডিয়াম এক ডরমিটরি,খেলাধুলা,7,0.25,25.0
20046460,সুয়ারেজের গোলে মায়ামির নাটকীয় ড্র,খেলাধুলা,7,0.25,25.0
20046494,সেক্স স্ক্যান্ডাল,খেলাধুলা,7,0.25,25.0
20178667,"

স্বাধীনতার মাস উপলক্ষে প্রীতি ফুটবল টুর্নামেন্ট অনুষ্ঠিত
",খেলাধুলা,7,0.25,25.0
20178676,"

রোহিত-গিলের জোড়া সেঞ্চুরিতে বড় লিড ভারতের
",খেলাধুলা,7,0.25,25.0
20182230,"

গুরবাজের সেঞ্চুরিতে ম্লান টেক্টটরের লড়াকু শতক
",খেলাধুলা,7,0.25,25.0
20046445,উগান্ডার বিপক্ষে হার মানতে না পেরে পদত্যাগ মাসাকাদজার,খেলাধুলা,7,0.25,25.0
20178523,"

ভুটানকে উড়িয়ে ফাইনালে বাংলাদেশ
",খেলাধুলা,7,0.25,25.0
20178605,"

সেরা সমন্বয়ের সন্ধানে হাথুরু, করলেন জাকির-মাহমুদউল্লাহর প্রশংসা
",খেলাধুলা,7,0.25,25.0
20178026,"

গুরবাজের শতরান
",খেলাধুলা,7,0.25,25.0
20046487,নারী দিবসে খুলনায় স্কুল পরিদর্শন করবেন জ্যোতি-মারুফারা,খেলাধুলা,7,0.25,25.0
20177671,"

একই দিনে এক মাঠে দুই টুর্নামেন্ট
",খেলাধুলা,7,0.25,25.0
20177673,"

ভুটানের বিপক্ষেও পূর্ণ শক্তির বাংলাদেশ
",খেলাধুলা,7,0.25,25.0
20177686,"

শেষ আটে রিয়াল ও ম্যানসিটি
",খেলাধুলা,7,0.25,25.0
20046491,ছোট পর্দায় আজকের খেলা,খেলাধুলা,7,0.25,25.0
20177689,"

ডিপিএলের প্রথম দিনে নেই সাকিব
",খেলাধুলা,7,0.25,25.0
20178267,"

কানাডায় মা ও ৪ শিশুসহ ৬ শ্রীলঙ্কানকে হত্যা
",খেলাধুলা,7,0.25,25.0
20182406,"

এভারেস্ট মিনি হ্যান্ডবল 
",খেলাধুলা,7,0.25,25.0
20177696,"

টি-২০ অনুশীলনে ওয়ানডে ক্রিকেটাররা
",খেলাধুলা,7,0.25,25.0
20046490,সেনাবাহিনী চ্যাম্পিয়ন,খেলাধুলা,7,0.25,25.0
20177703,"

সৌম্যের ব্যাখ্যায় বিতর্কিত নটআউট
",খেলাধুলা,7,0.25,25.0
20178320,"

নারী দিবসে অপুষ্টি ও পানিশূন্যতায় ভুগছে গাজার ৬০ হাজার গর্ভবতী নারী
",খেলাধুলা,7,0.25,25.0
20046488,ভুটানের বিপক্ষে বাংলাদেশের বেঞ্চকে ঝালিয়ে নেয়ার সুযোগ আজ,খেলাধুলা,7,0.25,25.0
20177707,"

মধুর প্রতিশোধে ঊষার শুরু
",খেলাধুলা,7,0.25,25.0
20046436,রোহিত-গিলের জোড়া সেঞ্চুরিতে ধর্মশালায় দাপট ভারতের,খেলাধুলা,7,0.25,25.0
20046439,পাকিস্তানের কোচ হওয়ার দৌড়ে ওয়াটসন,খেলাধুলা,7,0.25,25.0
20178088,"

দুই ম্যাচের নিষেধাজ্ঞায় হতবাক বেলিংহ্যাম
",খেলাধুলা,7,0.25,25.0
20177712,"

প্রথম ব্রোঞ্জেই অলিম্পিকে ঝুমা
",খেলাধুলা,7,0.25,25.0
20178362,"

গুরবাজের শতকে আফগানিস্তানের জয়, টেক্টরের আক্ষেপ
",খেলাধুলা,7,0.25,25.0
20046486,ম্যান সিটির রেকর্ড,খেলাধুলা,7,0.25,25.0
20046484,প্রথম দিনে মাঠে নামছে আবাহনী শেখ জামাল,খেলাধুলা,7,0.25,25.0
20046483,শ্রীলঙ্কার বিপক্ষে যে প্রথমের অপেক্ষায় বাংলাদেশ,খেলাধুলা,7,0.25,25.0
20046482,"১০০তম টেস্ট, মা’কে ধরে কাঁদলেন বেয়ারস্টো, মেয়ের কাছ থেকে স্মারক নিলেন অশ্বিন",খেলাধুলা,7,0.25,25.0
20178439,"

শনিবার বিসিবির জরুরী সভা
",খেলাধুলা,7,0.25,25.0
20177708,"

শততম টেস্টে অশ্বিনের চার
",খেলাধুলা,7,0.25,25.0
20177602,"
২০১৯ সালে অঞ্চলটির স্বায়ত্তশাসন ও বিশেষ মর্যাদা বাতিল করা হয় 
স্বায়ত্তশাসন বাতিলের পর প্রথমবার কাশ্মির সফরে মোদি
",বিনোদন,8,0.125,12.5
20177799,"

পর্যটকশূন্য হয়ে পড়ছে জামালপুরের লাউচাপড়া
",বিনোদন,8,0.125,12.5
20177590,"

যুদ্ধের মধ্যেই পশ্চিম তীরে ইসরাইলি আবাসন প্রকল্পের নিন্দা সৌদির
",বিনোদন,8,0.125,12.5
20177541,"

বাইডেনকে টেলিভিশন বিতর্কের আমন্ত্রণ ট্রাম্পের 
",বিনোদন,8,0.125,12.5
20177742,"
সন্ত্রাসী হামলায় আহত 
অটোচালক শাহাদত ও ২ প্রতিবন্ধী ভাইয়ের দিন চলে কষ্টে 
",বিনোদন,8,0.125,12.5
20044847,প্রেমের টানে মালয়েশিয়ান তরুণী কিশোরগঞ্জে,বিনোদন,8,0.125,12.5
20046458,গুরুতর অসুস্থ পণ্ডিত অজয় চক্রবর্তী,বিনোদন,8,0.125,12.5
20046855,বিপাকে নিপুণ,বিনোদন,8,0.125,12.5
20046854,নতুন টেলিছবিতে তানজিকা,বিনোদন,8,0.125,12.5
20046441,নিজের আর্টিলারির ক্ষমতা দেখালো উত্তর কোরিয়া,বিনোদন,8,0.125,12.5
20046499,প্রেমে মজেছেন রোহান-অঙ্গনা,বিনোদন,8,0.125,12.5
20046465,৬৭ বছরের ইলিনাকে বিয়ে করছেন ৯২ বছরের রুপার্ট মারডক,বিনোদন,8,0.125,12.5
20178105,"

বিএফডিসিতে ৪ মাস বেতন বন্ধ আন্দোলনের ডাক
",বিনোদন,8,0.125,12.5
20178516,"

৯২ বছর বয়সে পঞ্চম বিয়ে করছেন রুপার্ট মার্ডক
",বিনোদন,8,0.125,12.5
20046853,ভাঙনের ইঙ্গিত,বিনোদন,8,0.125,12.5
20178288,"

মালদ্বীপ-চীন গোপন সমীকরণে চিন্তায় ভারত!
",বিনোদন,8,0.125,12.5
20178531,"

মণিপুরের উত্তেজনা ছড়িয়ে পড়ছে নাগাল্যান্ডে!
",বিনোদন,8,0.125,12.5
20178244,"

লাশগুলো ফেরত দিয়েছে ইসরাইল
",বিনোদন,8,0.125,12.5
20047180,‘আনন্দের পাশাপাশি টেনশনও লাগছে’,বিনোদন,8,0.125,12.5
20046498,সেলফি ডে...,বিনোদন,8,0.125,12.5
20178698,"

নামাজরত মুসল্লিদের ওপর দিল্লির পুলিশের বর্বরতা
",বিনোদন,8,0.125,12.5
20046497,এক হাত নিলেন শ্রীলেখা,বিনোদন,8,0.125,12.5
20178153,"

যুদ্ধের জন্য প্রস্তুত দেশ চীনকে ইঙ্গিত ভারতীয় প্রতিরক্ষামন্ত্রীর
",বিনোদন,8,0.125,12.5
20178258,"

গাজায় জেটি নির্মাণ করবে যুক্তরাষ্ট্র
",বিনোদন,8,0.125,12.5
20046500,স্টার সিনেপ্লেক্সে ফের ‘পরাণ’,বিনোদন,8,0.125,12.5
20178296,"

‘সুদানের যুদ্ধরত পক্ষগুলোকে অস্ত্র সরবরাহ বন্ধ করতে হবে’
",অন্যান্য,9,0.0,0.0
20044839,চিকিৎসকদের দোষ না দিয়ে সুযোগ-সুবিধা দিয়ে কাজ আদায় করে নিতে হবে- সিলেটে স্বাস্থ্যমন্ত্রী,অন্যান্য,9,0.0,0.0
20178335,"

দরুদ : জুমার দিনের বিশেষ আমল
",অন্যান্য,9,0.0,0.0
20182365,"
	বিএসএমএমইউ 
ভিসির পছন্দের লোকদের নিয়োগ পদোন্নতি
",অন্যান্য,9,0.0,0.0
20177665,"

সেনাবাহিনী চ্যাম্পিয়ন
",অন্যান্য,9,0.0,0.0
20178722,"

জনসংখ্যা কমায় বিপাকে থাকা দেশগুলো থেকে বাংলাদেশ-পাকিস্তান-ভারত কী পেতে পারে?
",অন্যান্য,9,0.0,0.0
20044849,একমাত্র বিনোদন পার্কটি বন্ধ,অন্যান্য,9,0.0,0.0
20182316,"

ল্যাবএইড হাসপাতালসহ ৪ প্রতিষ্ঠানকে দক্ষিণ সিটির জরিমানা
",অন্যান্য,9,0.0,0.0
20182315,"

ডব্লিউবিসি-ডব্লিউবিএ বেল্টের লড়াই
",অন্যান্য,9,0.0,0.0
20044850,হারিয়ে যাচ্ছে গ্রামবাংলার ঘানি শিল্প,অন্যান্য,9,0.0,0.0
20178511,"

করোনায় আরো একজনের মৃত্যু, শনাক্ত ৪৯
",অন্যান্য,9,0.0,0.0
20178587,"

সব মসজিদে একই পদ্ধতিতে খতমে তারাবিহ পড়ার আহবান ইসলামিক ফাউন্ডেশনের
",অন্যান্য,9,0.0,0.0
20046462,ভারতে প্রতি এলপিজি সিলিন্ডারের দাম কমলো ১০০ রুপি,অন্যান্য,9,0.0,0.0
20046425,ফের আলোচনায় এসপি পাঠক,অন্যান্য,9,0.0,0.0
20046450,'ডায়েট ড্রিংক' হৃদরোগের ঝুঁকি ২০% বাড়িয়ে দিতে পারে,অন্যান্য,9,0.0,0.0
20174018,"

রক্তরাঙা শিমুল
",অন্যান্য,9,0.0,0.0
20177906,"

মৌমাছির আক্রমণে ৩০ পথচারী আহত
",অন্যান্য,9,0.0,0.0
20174003,"

গাজা থেকে ৮ হাজার রোগীকে সরিয়ে নেয়া দরকার : জাতিসঙ্ঘ
",অন্যান্য,9,0.0,0.0
20177941,"
 হেলথ টিপস 
সারা দিনে কত পা হাঁটতে হবে 
",অন্যান্য,9,0.0,0.0
20046485,ঢাকায় ডব্লিউবিসি ও ডব্লিউবিএ বেল্টের লড়াই আজ,অন্যান্য,9,0.0,0.0
20046496,"হাড়, অস্থিসন্ধির সমস্যা ও ডায়াবেটিস",অন্যান্য,9,0.0,0.0
