id,website_id,title,T2_S_score,T2_rank
20051808,2281,এক ম্যাচে হ্যারি কেনের দুটি রেকর্ড,94.87179487,1.0
20051689,2281,মানচিত্রখচিত পতাকা উড়ছে ঘরেঘরে,94.87179487,1.0
20051676,2281,"গাজার পথে মার্কিন সামরিক জাহাজ, তৈরি হবে ভাসমান বন্দর",94.87179487,1.0
20051677,2281,"চলে এলো রমজান মাস, কী করবেন গাজাবাসী",94.87179487,1.0
20051678,2281,খেজুর-বরই বিতর্ক নিয়ে মুখ খুললেন শিল্পমন্ত্রী,94.87179487,1.0
20051679,2281,পিটিআই নেতাকে হত্যার ছক কষেছিলেন মরিয়ম নওয়াজ !,94.87179487,1.0
20051680,2281,নরেন্দ্র মোদির নাম নিলে স্বামীর পাতে ভাত দেবেন না,94.87179487,1.0
20051681,2281,পাকিস্তানের ইতিহাসে প্রথমবারের মতো ভোট কেনাবেচা হয়নি: আচাকজাই,94.87179487,1.0
20051682,2281,প্রেসিডেন্ট নির্বাচন অসাংবিধানিক: ইমরান খান,94.87179487,1.0
20051683,2281,অস্ট্রেলিয়ায় রোজা শুরু মঙ্গলবার,94.87179487,1.0
20051684,2281,"উড়ন্ত বিমানে ২৮ মিনিট ঘুমে দুই পাইলট, অতঃপর...",94.87179487,1.0
20051685,2281,সৌদিতে রোজা কবে জানা যাবে আজ,94.87179487,1.0
20051686,2281,জরিনার হাত কেটে নিলেন সাবেক স্বামী,94.87179487,1.0
20051687,2281,বোর্ডিং স্কুলে নিপীড়নের শিকার হয়েছিলেন প্রিন্সেস ডায়ানার ছোট ভাই,94.87179487,1.0
20051688,2281,"সভাপতিসহ ৪ পদে বিএনপি, সম্পাদকসহ ১০ পদে আওয়ামী লীগের জয়",94.87179487,1.0
20051690,2281,আলোচনার সাহস থাকা উচিত ইউক্রেনের: পোপ ফ্রান্সিস,94.87179487,1.0
20051674,2281,বিশ্বব্যাংকের বিকল্প নির্বাহী পরিচালক নিয়োগসহ প্রশাসনে রদবদল,94.87179487,1.0
20051691,2281,"ভারতে ‘ইসি’ বলতে এখন শুধুই সিইসি, বিরোধীদের উদ্বেগ",94.87179487,1.0
20051692,2281,ইসরাইলিদের হামলায় অন্তঃসত্ত্বা নারীসহ নিহত ৫,94.87179487,1.0
20051693,2281,‘মিস ওয়ার্ল্ড’ ২০২৪ মুকুট জিতলেন কে এই সুন্দরী?,94.87179487,1.0
20051694,2281,নির্বাচনে হেরে যা বললেন পিটিআই-সমর্থিত প্রেসিডেন্ট প্রার্থী,94.87179487,1.0
20051695,2281,কীটতত্ত্ব গবেষণা প্রবন্ধে চ্যাম্পিয়ন ড. ছারোয়ার,94.87179487,1.0
20051696,2281,কীটপতঙ্গ নিয়ে গবেষণার তাগিদ কৃষি বিশেষজ্ঞদের,94.87179487,1.0
20051697,2281,পাকিস্তানজুড়ে বিক্ষোভের ডাক পিটিআইয়ের,94.87179487,1.0
20051698,2281,‘আমরা সোশ্যাল মিডিয়ায় নিজেদের মনুষ্যত্ব ভুলে যাই’,94.87179487,1.0
20051699,2281,"বৃষ্টির সুখবর নেই, বাড়তে পারে তাপমাত্রা",94.87179487,1.0
20051700,2281,শিল্প খাতের সামনে যতসব চ্যালেঞ্জ,94.87179487,1.0
20051702,2281,দেশের অর্থে কেনা প্রতিটি জিনিসের যত্ন নেওয়ার আহ্বান প্রধানমন্ত্রীর,94.87179487,1.0
20051703,2281,আগামী রমজানে পণ্যের দাম বেঁধে দেওয়া হবে: বাণিজ্য প্রতিমন্ত্রী,94.87179487,1.0
20051704,2281,রোজায় কম দামে মাছ মাংস দুধ ডিম মিলবে যেখানে,94.87179487,1.0
20051675,2281,"খামেনির ফেসবুক-ইনস্টাগ্রাম অ্যাকাউন্ট বাতিল, যা বলল ইরান",94.87179487,1.0
20051673,2281,দেশের স্বাস্থ্যসেবা বদলে দেওয়া সম্ভব: স্বাস্থ্যমন্ত্রী,94.87179487,1.0
20051706,2281,বিএনপিপন্থি আইনজীবী রুহুল কুদ্দুস কাজল রিমান্ডে,94.87179487,1.0
20051648,2281,"জামিন নামঞ্জুর, বিএনপি নেতা খায়ের কারাগারে",94.87179487,1.0
20051628,2281,রোজায় প্রাথমিক ও মাধ্যমিক স্কুল বন্ধ থাকবে: হাইকোর্ট,94.87179487,1.0
20051629,2281,ভাতা সুবিধাসহ সেতু বিভাগে ইন্টার্নশিপের সুযোগ,94.87179487,1.0
20051630,2281,যে ৫ কারণে কমে যেতে পারে শ্রবণশক্তি,94.87179487,1.0
20051631,2281,রাজধানীতে ছাত্রদলের মিছিল,94.87179487,1.0
20051632,2281,বিজিএমইএ'র নতুন সভাপতি এস এম মান্নান,94.87179487,1.0
20051633,2281,বাজারমূলধন কমেছে ১২ হাজার কোটি টাকা,94.87179487,1.0
20051639,2281,আগামী বাজেট উৎসাহব্যঞ্জক হবে: অর্থমন্ত্রী,94.87179487,1.0
20051642,2281,বঙ্গবন্ধুকে নিয়ে ১০৫ শিল্পীর কণ্ঠে এক গান,94.87179487,1.0
20051643,2281,দীর্ঘদিন পর ক্যামেরার সামনে ঐশ্বরিয়া,94.87179487,1.0
20051644,2281,সরকারি জুলুমের হাত থেকে আইনজীবীদেরকেও ছাড় দেওয়া হচ্ছে না,94.87179487,1.0
20051645,2281,শাকিবের সঙ্গে একই মঞ্চে ক্রিকেটার সাকিব,94.87179487,1.0
20051646,2281,জামিন পেলেন বিএনপি নেতা মেজর হাফিজ,94.87179487,1.0
20051647,2281,রমজানে মানুষকে জিম্মি করে কেউ রেহাই পাবে না: নানক,94.87179487,1.0
20051649,2281,"মধ্যবর্তী নির্বাচন কোন দু:খে, মামা বাড়ির আবদার: কাদের",94.87179487,1.0
20051670,2281,ইইউর সদস্য হতে চায় আর্মেনিয়া,94.87179487,1.0
20051650,2281,"দ্বাদশ সংসদ নির্বাচন নিয়ে ইইউর প্রতিবেদন, যা বললেন কাদের",94.87179487,1.0
20051651,2281,পণ্যের দাম নিয়ন্ত্রণে সরকার ব্যর্থ: মান্না,94.87179487,1.0
20051652,2281,শিল্পমন্ত্রীকে একহাত নিলেন মান্না,94.87179487,1.0
20051653,2281,সিঙ্গাপুরে ফখরুল ও পিটার হাসের সঙ্গে বৈঠক প্রশ্নে যা বললেন কাদের,94.87179487,1.0
20051660,2281,গাজায় নিহত ৩১ হাজার ছাড়াল,94.87179487,1.0
20051661,2281,রমজানে আল-আকসায় আতঙ্ক,94.87179487,1.0
20051662,2281,গাজায় পাঁচ বছরের শিশুসহ নিহত ১৫ ফিলিস্তিনি,94.87179487,1.0
20051663,2281,সৌদি আরবে কাল থেকে রোজা শুরু,94.87179487,1.0
20051664,2281,ইসির পদত্যাগে চাপের মুখে মোদি,94.87179487,1.0
20051665,2281,রোজার আগেই ৯ শতাধিক পণ্যের দাম কমাল কাতার,94.87179487,1.0
20051666,2281,ইন্দোনেশিয়ায় বন্যা-ভূমিধসে মৃত্যু ২১,94.87179487,1.0
20051667,2281,"আরব আমিরাতে ব্যাপক ঝড়-বৃষ্টি, দুর্ভোগে বাসিন্দারা",94.87179487,1.0
20051668,2281,পাকিস্তানে তত্ত্বাবধায়ক বাতিল করবে জোট সরকার,94.87179487,1.0
20051705,2281,ব্যারিস্টার কাজলকে ৭ দিনের রিমান্ডে পেতে চায় পুলিশ,94.87179487,1.0
20051701,2281,"কেমন হবে নওয়াজের মন্ত্রিসভা, আজকের মধ্যেই চূড়ান্ত",94.87179487,1.0
20051707,2281,দেশের বিরুদ্ধে ষড়যন্ত্র-অপপ্রচারকারীদের তালিকা করুন: প্রবাসীদের পররাষ্ট্রমন্ত্রী,94.87179487,1.0
20051807,2281,‘বোর্ডের উচিত দেশি কোচদের মূল্যায়ন করা’,94.87179487,1.0
20051794,2281,রিয়াদ সবার জন্য উদাহরণ হয়ে থাকবে: পাপন,94.87179487,1.0
20051795,2281,পিএসএল চলাকালে একসঙ্গে সময় কাটাচ্ছেন শোয়েব-সানা,94.87179487,1.0
20051796,2281,"বেটিং সাইটে বিনিয়োগে সাকিবের বোনের নাম, যা জানাল বিসিবি",94.87179487,1.0
20051708,2281,বঙ্গবন্ধুর জীবন ও দর্শন বিষয়ক সেমিনার,94.87179487,1.0
20051798,2281,টেস্ট খেললে বাড়তি আয়ের সুযোগ,94.87179487,1.0
20051799,2281,"বেটিং সাইটে বিনিয়োগে বোনের নাম, নিশ্চুপ সাকিব",94.87179487,1.0
20051800,2281,ভারতকে হারিয়ে চ্যাম্পিয়ন বাংলাদেশ,94.87179487,1.0
20051801,2281,বিজেপির হয়ে নির্বাচন করতে পারেন শামি,94.87179487,1.0
20051802,2281,খেলার মাঠ থেকে রাজনীতির মাঠে ইউসুফ পাঠান,94.87179487,1.0
20051803,2281,২০০ টাকায় দেখা যাবে ওয়ানডে ম্যাচ,94.87179487,1.0
20051804,2281,"ঢাকা লিগ শুরু আগামীকাল, প্রাইম ব্যাংকের অধিনায়ক তামিম",94.87179487,1.0
20051805,2281,তিন ফরম্যাটেই শীর্ষে ভারত,94.87179487,1.0
20051806,2281,"নতুন যে দায়িত্বে নান্নু-বাশার, বেতন কত",94.87179487,1.0
20051809,2281,পরাজয়ে শঙ্কিত অস্ট্রেলিয়া,94.87179487,1.0
20051792,2281,"নেতারা কেন সমালোচিত হন, জানালেন অনন্ত জলিল",94.87179487,1.0
20051810,2281,শ্রীলংকা ম্যাচে তর্কে জড়ানোয় তাওহিদের শাস্তি,94.87179487,1.0
20051811,2281,নেপালে ফের উড়ল লাল-সবুজের কেতন,94.87179487,1.0
20051834,2281,বিএনপি নেতা মেজর হাফিজ কারামুক্ত,94.87179487,1.0
20051835,2281,পণ্যের মূল্যবৃদ্ধিতে জনজীবনে অন্ধকার নেমে এসেছে: ফখরুল,94.87179487,1.0
20051836,2281,রমজানে দ্রব্যমূল্য বৃদ্ধিকারীদের কঠোর হুঁশিয়ারি বাহাউদ্দিন নাছিমের,94.87179487,1.0
20051839,2281,সুপ্রিমকোর্ট বারে ফল জালিয়াতি হয়েছে: রিজভী,94.87179487,1.0
20051915,2281,চিফ জুডিশিয়াল ম্যাজিস্ট্রেটের কার্যালয় চট্টগ্রামে চাকরি,94.87179487,1.0
20051916,2281,বিভিন্ন পদে চাকরি দেবে বরিশাল বিশ্ববিদ্যালয়,94.87179487,1.0
20051919,2281,"ডেন্টাল ভর্তি পরীক্ষার ফল প্রকাশ, জানবেন যেভাবে",94.87179487,1.0
20051920,2281,ভিকারুননিসার সেই ১৬৯ শিক্ষার্থীর ভর্তি বহালের দাবিতে মানববন্ধন,94.87179487,1.0
20051921,2281,অছাত্র ও বহিরাগত ঠেকাতে নজরদারি হবে বিশেষ অ্যাপে,94.87179487,1.0
20051922,2281,স্মার্ট দেশ গড়তে স্মার্ট জেনারেশন তৈরি করতে হবে: শিক্ষামন্ত্রী,94.87179487,1.0
20051945,2281,গাজায় যুদ্ধবিরতির দাবিতে লন্ডনে বিক্ষোভ,94.87179487,1.0
20051793,2281,কেইনের রেকর্ডে গোলবন্যায় ভাসল মেইনজ,94.87179487,1.0
20051797,2281,বাবর কবে বিয়ে করছেন জানালেন রিজওয়ান,94.87179487,1.0
20051791,2281,রাজকে নিয়ে এবার বিস্ফোরক মন্তব্য পরীমনির,94.87179487,1.0
20051760,2281,ভারতে বেটিং কাণ্ডের তদন্তে উঠে এলো সাকিবের বোনের নাম,94.87179487,1.0
20051709,2281,"রোজায় শিক্ষাপ্রতিষ্ঠান বন্ধ রাখতে হাইকোর্টের আদেশ, যা জানাল মন্ত্রণালয়",94.87179487,1.0
20051710,2281,প্রধানমন্ত্রীর প্রেস সচিবের মৃত্যুতে রাষ্ট্রপতির শোক,94.87179487,1.0
20051711,2281,প্রধানমন্ত্রীর প্রেস সচিব ইহসানুল করিম আর নেই,94.87179487,1.0
20051712,2281,আমি একজন বিশ্বস্ত কর্মকর্তা হারালাম: প্রধানমন্ত্রী,94.87179487,1.0
20051713,2281,দু-এক দিনের মধ্যে ভারত থেকে পেঁয়াজ আসবে: বাণিজ্য প্রতিমন্ত্রী,94.87179487,1.0
20051714,2281,শান্তির দিন ফুরিয়ে গেছে: পোল্যান্ডের প্রধানমন্ত্রী,94.87179487,1.0
20051715,2281,শপথ নিলেন পাক প্রেসিডেন্ট আসিফ আলি জারদারি,94.87179487,1.0
20051716,2281,যুক্তরাষ্ট্রে রোজা শুরু কবে?,94.87179487,1.0
20051790,2281,যতটুকু অসম্মান তার প্রাপ্য সেটুকু আমি করব: পরীমনি,94.87179487,1.0
20051718,2281,ব্রুনাই-মালয়েশিয়া-ইন্দোনেশিয়ায় রোজা শুরু মঙ্গলবার,94.87179487,1.0
20051719,2281,বাইডেনকে বাদ দিয়ে ট্রাম্পের সঙ্গে হাঙ্গেরির প্রধানমন্ত্রীর বৈঠক,94.87179487,1.0
20051721,2281,কয়েকটি দেশে রোজার তারিখ ঘোষণা,94.87179487,1.0
20051717,2281,জাইকা অ্যালামনাই অ্যাসোসিয়েশনের সভাপতি আমিন সম্পাদক তাবলু,94.87179487,1.0
20051785,2281,টাকা-পয়সা মাথায় রেখে কখনো ক্যারিয়ার প্ল্যান করি না: ফারিণ,94.87179487,1.0
20051778,2281,ঋতাভরিকে যে উপহার পাঠালেন দীপিকা,94.87179487,1.0
20051779,2281,শ্রাবন্তী কি তাহলে চতুর্থ বিয়ের প্রস্তুতি নিচ্ছেন?,94.87179487,1.0
20051780,2281,আমি এখনো বিজেপি ছাড়িনি: পার্নো মিত্র,94.87179487,1.0
20051781,2281,"অভিনেত্রীরা কত উপায়ে আয় করেন, জানালেন ফারিণ",94.87179487,1.0
20051782,2281,তিন নায়কের বিপরীতে বুবলী,94.87179487,1.0
20051783,2281,‘আমাকে বিয়ে করতে অনেক ধনী ব্যক্তিই আগ্রহী ছিলেন’,94.87179487,1.0
20051784,2281,মালয়েশিয়া ঘুরে সিঙ্গাপুরে অধরা খান,94.87179487,1.0
20051786,2281,নীল ছবির নায়িকা সোফিয়ার রহস্যজনক মৃত্যু,94.87179487,1.0
20051787,2281,আলিয়ার অনুপ্রেরণার উৎস রণবীরের এক সাবেক,94.87179487,1.0
20051777,2281,অন্তঃসত্ত্বার গুঞ্জনের মধ্যেই স্বামীর স্বভাব নিয়ে প্রশ্ন তুললেন মাহিরা খান,94.87179487,1.0
20051788,2281,কোনো আপস নয়: ঐশ্বরিয়া,94.87179487,1.0
20051789,2281,"গোপন প্রেমে অন্তঃসত্ত্বা হয়ে পড়েন বাহুবলির রাজমাতা, অতঃপর...",94.87179487,1.0
20046833,2268,বিয়ের আগের দিন প্রবাসীর রহস্যজনক মৃত্যু,84.61538462,125.0
20047120,2268,‘বিদেশে চিকিৎসা করাতে বছরে ৬০ হাজার কোটি টাকা চলে যাচ্ছে’,84.61538462,125.0
20044803,2268,সুনামগঞ্জে প্রেমিককে গাছে বেঁধে প্রেমিকাকে গণধর্ষণ,84.61538462,125.0
20046832,2268,বিশ্বম্ভরপুরে অবৈধ ট্রলি গাড়িতে অতিষ্ঠ জনজীবন,84.61538462,125.0
20047133,2268,যশোরে ৮০ জন অসহায় প্রতিবন্ধীর মাঝে হুইলচেয়ার বিতরণ,84.61538462,125.0
20047121,2268,বসতঘরে আগুনে পুড়ে অঙ্গার ঘুমন্ত বৃদ্ধা,84.61538462,125.0
20046830,2268,"ওসমানীনগরে মহাসড়কে যানজট, বাড়ছে ঝুঁকি",84.61538462,125.0
20047185,2268,মেজাজ হারানো হৃদয়কে শাস্তি দিলো আইসিসি,84.61538462,125.0
20047186,2268,রোজায় সুলভ মূল্যে দুধ-ডিম-মাছ-মাংস বিক্রি কার্যক্রম উদ্বোধন,84.61538462,125.0
20047187,2268,যেভাবে কিশোর গ্যাংয়ে জড়ালো ওরা,84.61538462,125.0
20047188,2268,"শোক, শ্রদ্ধায় পুলিশ সদস্যদের স্মরণ",84.61538462,125.0
20046831,2268,‘ডামি মন্ত্রীরা খেজুর নিয়ে ঠাট্টা করছে’,84.61538462,125.0
20044802,2268,লক্ষ্মীপুরে ট্রাক-পিকআপের সংঘর্ষে নিহত ১,84.61538462,125.0
20046829,2268,লক্ষ্মীপুরে মাদ্রাসা ছাত্রছাত্রীদের মাঝে পুরস্কার বিতরণ,84.61538462,125.0
20046626,2268,"কাস্টিং ভোটের চেয়ে প্রার্থীদের ভোট বেশি, যে ব্যাখ্যা দিল ইসি",84.61538462,125.0
20046632,2268,আরিফুর রহমান দোলন রাজনৈতিক প্রতিহিংসার শিকার: সাংবাদিক নেতৃবৃন্দ,84.61538462,125.0
20046631,2268,সৌদি আরবে সোমবার শুরু মাহে রমজান,84.61538462,125.0
20046630,2268,৭ম নেপাল চলচ্চিত্র উৎসবে বাংলাদেশের তিন চলচ্চিত্র,84.61538462,125.0
20046629,2268,"সাংবাদিক অভিশ্রুতিই বৃষ্টি খাতুন, পরিচয় শনাক্ত",84.61538462,125.0
20046628,2268,মালয়েশিয়ায় রোজা শুরু ১২ মার্চ থেকে,84.61538462,125.0
20046627,2268,সীমান্ত এলাকায় ‘দুয়ার স্কুল’ উদ্বোধন করলেন অর্থমন্ত্রী,84.61538462,125.0
20046625,2268,আগামীকাল ১১ই মার্চ যুক্তরাজ্যে প্রথম রোজা,84.61538462,125.0
20046651,2268,ওটিটিতে এবার মঞ্চ নাটক,84.61538462,125.0
20046624,2268,৫ মামলায় আগাম জামিন পেলেন আজিজুল বারী হেলাল,84.61538462,125.0
20046623,2268,গাজীপুরে যুবকের হাতের কব্জি বিচ্ছিন্ন,84.61538462,125.0
20046622,2268,পায়ে শিকল বেঁধে এসএসসি পরীক্ষা দিচ্ছে আলম,84.61538462,125.0
20046621,2268,বন্দরে মানববন্ধন,84.61538462,125.0
20046620,2268,ডেকে নিয়ে যুবকের পা ভেঙে দিলেন ইউপি চেয়ারম্যান,84.61538462,125.0
20046619,2268,রাজাপুরে মাদক কারবারি আটক,84.61538462,125.0
20046633,2268,সিন্ডিকেটদের দমন করতে হবে: চরমোনাই পীর,84.61538462,125.0
20046634,2268,আওয়ামী অলিগার্করা গরিবের পকেট কেটে ফুলে ফেঁপে বড়লোক হচ্ছে,84.61538462,125.0
20046635,2268,স্কুল ছুটির বিষয়ে আদালতের সিদ্ধান্ত পেলে পরবর্তী ব্যবস্থা: শিক্ষা বিভাগ,84.61538462,125.0
20046636,2268,প্রধানমন্ত্রীর প্রেস সচিব ইহসানুল করিমের ইন্তেকাল,84.61538462,125.0
20046637,2268,ভবন নির্মাণ অনুমোদন-তদারকিতে গাফিলতি থাকলে ব্যবস্থা: স্বরাষ্ট্রমন্ত্রী,84.61538462,125.0
20046638,2268,নারীদের মূল্যায়িত করাই বড় কাজ: ডিএনসি ডিজি,84.61538462,125.0
20046639,2268,পণ্যের মূল্যবৃদ্ধিতে জনজীবনে অন্ধকার নেমে এসেছে: ফখরুল,84.61538462,125.0
20046640,2268,আসামে সাংস্কৃতিক প্রতিযোগিতায় চ্যাম্পিয়ন ট্রফি জিতলো বাংলাদেশ টিম রেনেসাস,84.61538462,125.0
20046641,2268,রমজানে স্ট্যান্ডার্ড চার্টার্ডের বিশেষ অফার,84.61538462,125.0
20046642,2268,ঢাকা মহানগর দক্ষিণ মহিলা দলের সম্মেলন সোমবার,84.61538462,125.0
20046643,2268,নয়াপল্টনে ছাত্রদলের মিছিল,84.61538462,125.0
20046644,2268,পণ্যের দাম নিয়ন্ত্রণে সরকার ব্যর্থ হয়েছে: মান্না,84.61538462,125.0
20046645,2268,সাংবাদিককে কারাদণ্ড- ক্ষমতার অপব্যবহার কি না সেটা তদন্ত শেষে ব্যবস্থা: তথ্য প্রতিমন্ত্রী,84.61538462,125.0
20046646,2268,সচেতনতা এবং স্বাস্থ্য সম্মত জীবনযাপন করলে ৫০ থেকে ৬০ ভাগ কিডনি বিকল প্রতিরোধ সম্ভব,84.61538462,125.0
20046647,2268,কারামুক্ত হলেন বিএনপি নেতা মেজর হাফিজ,84.61538462,125.0
20046648,2268,ইউক্রেনের প্রতিরক্ষাকে চুরমার করে দিচ্ছে রাশিয়ার নতুন বোমা,84.61538462,125.0
20046649,2268,ভারতকে হারিয়ে শিরোপা জিতলো বাংলাদেশ,84.61538462,125.0
20046618,2268,ক্রীড়াক্ষেত্রের উন্নয়নে সরকার নানামুখী পদক্ষেপ নিয়েছে: এমপি শাওন,84.61538462,125.0
20046617,2268,শ্রীপুরে নতুন বেতন কাঠামো বাস্তবায়নে শ্রমিকদের মহাসড়ক অবরোধ,84.61538462,125.0
20046616,2268,"কাপাসিয়ায় ইস্পাহানির কোটি টাকার মালামাল চুরি, গ্রেপ্তার ৬",84.61538462,125.0
20046599,2268,যশোরে মাদক ব্যবসার দ্বন্দ্বে যুবক খুন,84.61538462,125.0
20046828,2268,কিশোরগঞ্জে জনতার মুখোমুখি মেয়র পারভেজ,84.61538462,125.0
20044804,2268,সাদুল্লাপুরে উপনির্বাচনে জাল ভোট দিতে গিয়ে ৩ যুবক আটক,84.61538462,125.0
20044805,2268,ঈশ্বরদীতে সাবেক এমপি’র বাড়িতে হামলা-ভাঙচুর,84.61538462,125.0
20044806,2268,ইফতারে বরই খাওয়ার পরামর্শ রোজাদারের সঙ্গে পরিহাস: ডা. শাহাদাত,84.61538462,125.0
20044807,2268,কটিয়াদীতে পাকুন্দিয়া পৌর যুবদল নেতার লাশ উদ্ধার,84.61538462,125.0
20044808,2268,রংপুরে কৃষক সমিতির সমাবেশ পণ্ড,84.61538462,125.0
20044809,2268,কুমিল্লায় সূচনা ময়মনসিংহে টিটু বিজয়ী,84.61538462,125.0
20044811,2268,পায়রাবন্দ ইউপির চেয়ারম্যান হলেন জামায়াত নেতা ফারুক,84.61538462,125.0
20044812,2268,দৌলতপুরে ২ প্রার্থী সমান ভোট পাওয়ায় ফলাফল স্থগিত,84.61538462,125.0
20044813,2268,আমতলী পৌরসভার মেয়র হলেন মতিয়ার,84.61538462,125.0
20044814,2268,পটুয়াখালী পৌরসভার মেয়র হলেন মহিউদ্দিন,84.61538462,125.0
20044815,2268,সিলেটে আজ থেকে হকার পুনর্বাসন কাজ শুরু করছেন মেয়র,84.61538462,125.0
20044816,2268,গাজীপুরে বিএনপি’র লিফলেট বিতরণে বাধা,84.61538462,125.0
20044817,2268,মধ্যনগরে প্রাথমিক সহকারী শিক্ষক সমিতির পাল্টাপাল্টি কমিটি,84.61538462,125.0
20046600,2268,মারা গেল সিলেটের সেই শিশুটি,84.61538462,125.0
20046615,2268,আওয়ামী লীগ কর্মীর ময়নাতদন্ত প্রতিবেদন প্রত্যাখ্যান করে পুনঃতদন্তের দাবি,84.61538462,125.0
20046601,2268,‘সরকারবিরোধীরা রেমিট্যান্স নিয়ে মিথ্যাচার করছে’,84.61538462,125.0
20046602,2268,বিরামপুরে চলন্ত ট্রেনে উঠতে গিয়ে নিহত ১,84.61538462,125.0
20046603,2268,কলমাকান্দায় প্রতিপক্ষের অস্ত্রের আঘাতে নিহত ১,84.61538462,125.0
20046604,2268,নলডাঙ্গায় কৃষকের বসতবাড়ি পুড়ে ছাই,84.61538462,125.0
20046605,2268,পিরোজপুরে জেলা বিএনপি’র আহ্বায়ক আলমগীর হোসেনসহ আটক ৪,84.61538462,125.0
20046606,2268,ইসলামী আন্দোলন সিলেট মহানগরের বৈঠক,84.61538462,125.0
20046607,2268,কানাইঘাটে শিয়ালাইন বিল শুকিয়ে মাছ আহরণের অভিযোগ,84.61538462,125.0
20046608,2268,সিলেট নগর বিএনপি’র লিফলেট বিতরণ,84.61538462,125.0
20046609,2268,বোদা প্রেস ক্লাবের কমিটি গঠন,84.61538462,125.0
20046610,2268,কুড়িগ্রামে হচ্ছে বিশেষ অর্থনৈতিক অঞ্চল,84.61538462,125.0
20046611,2268,ফরিদগঞ্জে ইফতার সামগ্রী বিতরণ অনুষ্ঠানে হামলা-ভাঙচুর,84.61538462,125.0
20046612,2268,লোহাজুরী ইউপি চেয়ারম্যান নুরুজ্জামান,84.61538462,125.0
20046613,2268,কিশোরগঞ্জে বিএনপি’র লিফলেট বিতরণ,84.61538462,125.0
20046614,2268,শর্ত গোপন করে বেরোবির ২ শিক্ষকের পিএইচডিতে ভর্তি,84.61538462,125.0
20046650,2268,শান্তির দিন শেষ: পোলিশ প্রধানমন্ত্রী,84.61538462,125.0
20044810,2268,ব্রাহ্মণবাড়িয়া জেলা পরিষদে বিল্লালের চমক,84.61538462,125.0
20046652,2268,শার্ক ট্যাঙ্ক বাংলাদেশ এর সাথে পার্টনার হিসেবে যোগ দিয়েছে মিনিসো,84.61538462,125.0
20046702,2268,সীমান্তে প্রাণঘাতী অস্ত্র ব্যবহার করা হচ্ছে না: বিএসএফ ডিজি,84.61538462,125.0
20046688,2268,আনুষ্ঠানিকভাবে ভাঙলো জাতীয় পার্টি,84.61538462,125.0
20046689,2268,শিরোপা লড়াইয়ে বাংলাদেশ ভারত মুখোমুখি আজ,84.61538462,125.0
20046690,2268,বিস্ফোরক ফিফটিতে ছক্কার নতুন রেকর্ড রিশাদের,84.61538462,125.0
20046691,2268,অলিম্পিক নিশ্চিতের পর পদকে চোখ ঝুমার,84.61538462,125.0
20046692,2268,যে ভুলের মাসুল গুনলো বাংলাদেশ,84.61538462,125.0
20046693,2268,পথ হারিয়েছেন মোস্তাফিজ!,84.61538462,125.0
20046694,2268,পকেট থেকে রিপোর্ট বের করে পাপন বললেন ‘কিছু নেই’,84.61538462,125.0
20046695,2268,ভেট্টরিকে টপকালেন হেনরি,84.61538462,125.0
20046696,2268,‘প্রথম ৭০০’ অ্যান্ডারসনের,84.61538462,125.0
20046697,2268,বঙ্গবন্ধু ও বঙ্গমাতা গোল্ড কাপ ফুটবল,84.61538462,125.0
20046698,2268,রেফারিং কোর্সে হুমায়রা-সানরা,84.61538462,125.0
20046699,2268,চ্যাম্পিয়ন শাহিনুর,84.61538462,125.0
20046700,2268,ছোট পর্দায় আজকের খেলা,84.61538462,125.0
20046701,2268,জানুয়ারিতে বেসরকারি খাতে ঋণের প্রবৃদ্ধি কমেছে,84.61538462,125.0
20046703,2268,'জীবনমুখী গান মানুষের হৃদয়কে পরিশুদ্ধ করে',84.61538462,125.0
20046686,2268,বিজিএমইএ নির্বাচনে ভোট পড়েছে ৮৯.১৮ শতাংশ,84.61538462,125.0
20046814,2268,"‘৩৬০০’ গোলেও জয়বঞ্চিত নাপোলি, নজর বার্সা ম্যাচে",84.61538462,125.0
20046815,2268,"অশ্বিনের কীর্তি, ইংল্যান্ডকে ইনিংস ব্যবধানে হারালো ভারত",84.61538462,125.0
20046816,2268,আন্দোলন কোন পথে,84.61538462,125.0
20046817,2268,রেকর্ড গড়ে মাবিয়া বললেন আমি ফুরিয়ে যাইনি,84.61538462,125.0
20046818,2268,অপহৃত ব্যবসায়ীর সঙ্গে আপত্তিকর ছবি তুলে ব্ল্যাকমেইল,84.61538462,125.0
20046819,2268,বেটিং কাণ্ডের তদন্তে উঠে এলো সাকিবের বোনের নাম,84.61538462,125.0
20046820,2268,লিভারপুলকে সরিয়ে শীর্ষে আর্সেনাল,84.61538462,125.0
20046821,2268,"ভ্রাম্যমাণ আদালত বসিয়ে সাংবাদিককে কারাদণ্ড, সুষ্ঠু তদন্তে জোর তথ্য প্রতিমন্ত্রীর",84.61538462,125.0
20046822,2268,পুরো রমজান মাস বন্ধ থাকবে প্রাথমিক-মাধ্যমিক বিদ্যালয়: হাইকোর্ট,84.61538462,125.0
20046823,2268,বাইডেনকে এড়িয়ে ট্রাম্পের সঙ্গে বৈঠক করলেন হাঙ্গেরির প্রধানমন্ত্রী,84.61538462,125.0
20046825,2268,বঙ্গবন্ধুর জীবন ও দর্শন বিষয়ক সেমিনার অনুষ্ঠিত,84.61538462,125.0
20046826,2268,ব্র্যান্ড প্র্যাক্টিশনার্স বাংলাদেশের ফ্যাশন এন্ড লাইফস্টাইল মার্কেটিং ফেস্ট অনুষ্ঠিত,84.61538462,125.0
20046653,2268,"ব্রিগেড থেকে পূর্ণাঙ্গ তালিকা প্রকাশ, লোকসভার প্রচার শুরু করে দিলো তৃণমূল",84.61538462,125.0
20046827,2268,সেন্টার ফর এনআরবি’র ওয়ার্ল্ড কনফারেন্স সিরিজ উদ্বোধন,84.61538462,125.0
20046687,2268,কেব্‌ল টিভি সার্ভিস বন্ধ রেখে প্রতীকী ধর্মঘটের ডাক কোয়াবের,84.61538462,125.0
20046824,2268,‘ভেজালকারী ছোট হোক বড় হোক কাউকে ছাড় দেয়া হবে না’,84.61538462,125.0
20046685,2268,সিলেটে দুই বান্ধবীর লড়াই,84.61538462,125.0
20046668,2268,কেইনের হ্যাটট্রিকে বায়ার্নের গোল উৎসব,84.61538462,125.0
20046655,2268,চেয়ারম্যান ড. আব্দুল্লাহ আল নাসের মহাসচিব শামিম ইশতিয়াক চৌধুরী,84.61538462,125.0
20046684,2268,ডোম ইনোর প্রতারণার কারণে আমাদের পথে বসতে হচ্ছে,84.61538462,125.0
20046654,2268,নেপাল-বাংলাদেশ সম্পর্কের ভিত্তি বন্ধুত্ব ও পারস্পরিক সম্মান: লে. জেনারেল শামীম,84.61538462,125.0
20046656,2268,বিজেপির হয়ে নির্বাচন করবেন শামি?,84.61538462,125.0
20046658,2268,সবুজবাগে ট্রাক থেকে নামিয়ে চালককে গুলি,84.61538462,125.0
20046659,2268,"'যদি স্বামীরা নরেন্দ্র মোদির নাম নেন, তবে তাদের রাতে খেতে দেবেন না'",84.61538462,125.0
20046660,2268,নিহত যুবদল নেতা কামাল হোসেন মিজানের বাসায় মুন্না,84.61538462,125.0
20046661,2268,মধ্যবর্তী নির্বাচন মামা বাড়ির আবদার: ওবায়দুল কাদের,84.61538462,125.0
20046662,2268,বিএনপি নেতা মেজর হাফিজের জামিন,84.61538462,125.0
20046663,2268,"হাসি ফুটল সেই কৃষকের মুখে, স্বপ্ন কিনে নিলো তাঁর ক্যাপসিকাম",84.61538462,125.0
20046664,2268,ইমা থেকে নিউজ টোয়েন্টিফোরের সদস্যপদ প্রত্যাহার,84.61538462,125.0
20046665,2268,দেশ ও দেশের অর্থে কেনা প্রতিটি জিনিসের যত্ন নিতে কোস্ট গার্ডের প্রতি আহ্বান প্রধানমন্ত্রীর,84.61538462,125.0
20046666,2268,জয়ে ফিরলো ইউনাইটেড,84.61538462,125.0
20046667,2268,পানামায় ১২০০ বছর পুরনো সমাধিতে সোনার খনির হদিস,84.61538462,125.0
20046657,2268,সুপ্রিম কোর্ট বারে ফলাফল জালিয়াতি করা হয়েছে: রিজভী,84.61538462,125.0
20046669,2268,"আয়কর অস্বস্তিতে কংগ্রেস, ৬৫ কোটি টাকার জরিমানা বহাল",84.61538462,125.0
20046683,2268,দু’দিনের নাটকীয়তা,84.61538462,125.0
20046670,2268,হোয়াটসঅ্যাপে ধর্মীয় বিদ্বেষ ছড়ানোর অভিযোগে পাক ছাত্রকে মৃত্যুদণ্ড,84.61538462,125.0
20046681,2268,আরও কঠিন হয়ে এলো রমজান,84.61538462,125.0
20046679,2268,দ্রব্যমূল্যে নিয়ন্ত্রণের দাবিতে রাজধানীতে জামায়াতের বিক্ষোভ,84.61538462,125.0
20046678,2268,মালয়েশিয়া থেকে দেশে ফিরতে প্রায় ৬ হাজার অভিবাসীর আবেদন,84.61538462,125.0
20046677,2268,লেবাননে ইসরাইলের হামলায় অন্তঃসত্ত্বা নারীসহ নিহত ৫,84.61538462,125.0
20046680,2268,"খোকন সভাপতি, সম্পাদক মঞ্জুরুল হক",84.61538462,125.0
20046676,2268,বিজিএমইএ'র নতুন সভাপতি এস এম মান্নান,84.61538462,125.0
20046672,2268,আগামী রমজানে অত্যাবশ্যকীয় পণ্যের দাম বেঁধে দেয়া হবে: বাণিজ্য প্রতিমন্ত্রী,84.61538462,125.0
20046671,2268,"আকস্মিক পদত্যাগ কমিশনারের, ভারতে নির্বাচন কমিশনে আছেন শুধু সিইসি",84.61538462,125.0
20046675,2268,ভূরাজনৈতিক প্রেক্ষাপটের পরিবর্তন হচ্ছে অস্বাভাবিকভাবে: ভারতীয় সেনাপ্রধান,84.61538462,125.0
20046682,2268,সিনেমার নায়ক রাজনীতিতে কেমন করছেন,84.61538462,125.0
20046673,2268,মারা গেছেন পর্নো তারকা সোফি লিওনে,84.61538462,125.0
20046674,2268,মিস ওয়ার্ল্ড হলেন ক্রিস্টিনা পিসকোভা,84.61538462,125.0
20181370,2244,"

লেবাননের এক বাড়িতে ইসরাইলি হামলায় ৫ জন নিহত : রাষ্ট্রীয় গণমাধ্যম
",82.05128205,273.0
20181467,2244,"

মেট্রোরেলে ইফতার করা প্রসঙ্গে যা জানা গেল
",82.05128205,273.0
20181371,2244,"

ফুলবাড়ীতে কাভার্ডভ্যানের চাপায় রাজমিস্ত্রি নিহত
",82.05128205,273.0
20181380,2244,"

আওয়ামী লীগ, বিএনপি বিপদে পড়লে নিরাপদ জায়গা খুঁজে নেয় চরমোনাই
",82.05128205,273.0
20181362,2244,"

বছরে প্রথম রোজার তারিখ ঘোষণা অস্ট্রেলিয়ার
",82.05128205,273.0
20181403,2244,"

লটারির মাধ্যমে উপনির্বাচন ফলাফল ঘোষণা, পরাজিত প্রার্থীর প্রত্যাখান
",82.05128205,273.0
20181405,2244,"

চুয়াডাঙ্গায় বেসরকারি ডায়াগনস্টিক সেন্টার ও ক্লিনিকে অভিযান, জরিমানা
",82.05128205,273.0
20181408,2244,"

ছয় সপ্তাহের জামিন পেলেন যুবদল নেতা মিল্টন
",82.05128205,273.0
20181410,2244,"

সুপ্রিম কোর্ট বার নির্বাচনে ফলাফল জালিয়াতি করা হয়েছে : রিজভী
",82.05128205,273.0
20181434,2244,"

ব্যারিস্টার কাজল ৪ দিনের রিমান্ডে
",82.05128205,273.0
20181443,2244,"

টাইব্রেকারে ভারতকে হারিয়ে চ্যাম্পিয়ন বাংলাদেশ
",82.05128205,273.0
20181465,2244,"

বঙ্গবন্ধু টানেলের পরিত্যক্ত ওয়্যার হাউজে আগুন নিয়ন্ত্রণে
",82.05128205,273.0
20181386,2244,"

দিল্লিতে নামাজরত মুসল্লিদের লাথি, ভারতের স্বরাষ্ট্রমন্ত্রীকে মাহমুদ মাদানির চিঠি
",82.05128205,273.0
20181497,2244,"

আশুলিয়ায় ‘পুলিশ কর্মকর্তার স্ত্রী’র দাপটে অতিষ্ঠ এলাকাবাসী
",82.05128205,273.0
20181470,2244,"

আমতলী পৌরসভা নির্বাচনী জের ধরে দু’পক্ষের সংঘর্ষে আহত ২০
",82.05128205,273.0
20181477,2244,"

আমতলীতে পুকুরে ডুবে শিশুর মৃত্যু
",82.05128205,273.0
20181487,2244,"

চুয়েট, কুয়েট ও রুয়েটের সমন্বিত ভর্তি পরীক্ষার ফল প্রকাশ, ভর্তি শুরু ২৮ এপ্রিল
",82.05128205,273.0
20181489,2244,"

নোয়াখালীতে আরো একটি গ্যাস কূপের সন্ধান
",82.05128205,273.0
20181495,2244,"

দ্রব্যমূল্যের লাগাম টেনে ধরে বাজার নিয়ন্ত্রণ করতে হবে : নূরুল ইসলাম বুলবুল
",82.05128205,273.0
20181507,2244,"

কুড়িগ্রামে গড়ে তোলা হবে ভুটানিজ বিশেষ অর্থনৈতিক অঞ্চল
",82.05128205,273.0
20181524,2244,"

রমজান শুরুর তারিখ জানাল মালয়েশিয়া-ইন্দোনেশিয়া-ব্রুনাই
",82.05128205,273.0
20181529,2244,"

রমজানে শিক্ষাপ্রতিষ্ঠান বন্ধ রাখতে হাইকোর্টের নির্দেশনা, যা জানালো শিক্ষা মন্ত্রণালয়
",82.05128205,273.0
20181537,2244,"

লক্ষ্মীপুরে বিএনপি কেন্দ্রীয় নেতা খায়ের ভূঁইয়া কারাগারে, নেতাকর্মীদের বিক্ষোভ 
",82.05128205,273.0
20181544,2244,"

উত্তরাঞ্চলের নেসকো শ্রমিকদের অনির্দিষ্টকালের কর্মবিরতি
",82.05128205,273.0
20181554,2244,"

বিপরীত উচ্চারণের মিলনমেলা অনুষ্ঠিত
",82.05128205,273.0
20181344,2244,"

বিদেশে বসে দেশের বিরুদ্ধে ষড়যন্ত্রকারীদের তালিকা করুন : প্রবাসীদেরকে পররাষ্ট্রমন্ত্রী
",82.05128205,273.0
20181561,2244,"

রাজশাহীতে শিশু ধর্ষণ মামলায় তরুণের যাবজ্জীবন
",82.05128205,273.0
20181565,2244,"

টাঙ্গাইলে এটিএম লুঙ্গির কারখানায় আগুন
",82.05128205,273.0
20181355,2244,"

রমজানে মেট্রোরেল চলাচলের সময় বাড়বে
",82.05128205,273.0
20181227,2244,"

বিএনপি নেতা হাফিজের জামিন মঞ্জুর
",82.05128205,273.0
20181341,2244,"

বিলুপ্তপ্রাপ্ত রেংমিটচা ভাষা রক্ষায় এগিয়ে আসলো সেনাবাহিনী, নির্মাণ করে দেয়া হলো স্কুল
",82.05128205,273.0
20181322,2244,"

অস্ট্রেলিয়াকে সরিয়ে টেস্ট র‌্যাংকিংয়ের শীর্ষে ভারত
",82.05128205,273.0
20181140,2244,"

অস্কার পাওয়া যে ১০টি চলচ্চিত্র না দেখলেই নয়
",82.05128205,273.0
20181576,2244,"

মহাদেবপুরে গলায় ফাঁস দিয়ে নারীর আত্মহত্যা
",82.05128205,273.0
20181146,2244,"

আবারো হিলি স্থল বন্দর দিয়ে আলু আমদানি শুরু
",82.05128205,273.0
20181150,2244,"

সারাদেশে অপরিবর্তিত থাকবে দিন ও রাতের তাপমাত্রা
",82.05128205,273.0
20181159,2244,"

পদ্মায় স্পিডবোট দুর্ঘটনায় নিহত ১, ম্যাজিস্ট্রেটসহ আহত ৮
",82.05128205,273.0
20181168,2244,"

ডায়মন্ড হাউস : ডায়মন্ড জুয়েলারি জগতে এক বিশ্বস্ত নাম
",82.05128205,273.0
20181174,2244,"

লন্ডনে ফিলিস্তিনপন্থী সমাবেশে লাখো মানুষের অংশগ্রহণ
",82.05128205,273.0
20181177,2244,"

যেন লাল শাড়ি পরে আছে প্রকৃতি
",82.05128205,273.0
20181183,2244,"

কোস্ট গার্ডকে ত্রিমাত্রিক বাহিনী হিসেবে গড়ে তোলা হবে : প্রধানমন্ত্রী
",82.05128205,273.0
20181192,2244,"

রাবিতে বিলম্বে যাওয়া পরীক্ষার্থীর সংখ্যা ও অন্যান্য প্রশ্ন নিয়ে যা বলছে কর্তৃপক্ষ
",82.05128205,273.0
20181201,2244,"

৬০ বছরের রেকর্ড স্পর্শ করলেন বায়ার্নের কেন
",82.05128205,273.0
20181206,2244,"

বাইডেনের নাম হলো ‘জেনোসাইড জো’
",82.05128205,273.0
20181207,2244,"

মেঘনা নদীর বাঁকে
",82.05128205,273.0
20181211,2244,"

ইসরাইলি হামলায় আরো ৮২ ফিলিস্তিনি নিহত
",82.05128205,273.0
20181221,2244,"

লক্ষ্মীপুরে ড্রামট্রাক-পিকআপভ্যান সংঘর্ষে হতাহত ৩
",82.05128205,273.0
20181223,2244,"

আগামী রমজানে অত্যাবশ্যকীয় পণ্যের দাম বেঁধে দেয়া হবে : বাণিজ্য প্রতিমন্ত্রী
",82.05128205,273.0
20181237,2244,"

ওয়েব হোস্টিং সামিট ২০২৪ অনুষ্ঠিত
",82.05128205,273.0
20181250,2244,"

আ’লীগ ঐতিহ্যগতভাবেই গণতন্ত্রবিরোধী শক্তি : মির্জা ফখরুল
",82.05128205,273.0
20181260,2244,"

রমজানে সুলভ মূল্যে ডিম, দুধ ও গোশত বিক্রি শুরু
",82.05128205,273.0
20181264,2244,"

হাসপাতালে দেখতে না যাওয়ায় নাতনিদের কোটি টাকার সম্পত্তি থেকে বঞ্চিত করলেন বৃদ্ধ
",82.05128205,273.0
20181268,2244,"

পিরোজপুরে টগড়া-চরখালী ফেরিকে জাহাজের ধাক্কা : ১১ রুটে বাস চলাচল বন্ধ
",82.05128205,273.0
20181281,2244,"

দিনাজপুরে কাভার্ডভ্যান চাপায় মোটরসাইকেল চালক নিহত
",82.05128205,273.0
20181283,2244,"

রোজায় বন্ধ স্কুল, খোলা থাকবে মাদরাসা : হাইকোর্ট
",82.05128205,273.0
20181286,2244,"

অপরাধী চক্রের সহিসংতায় অবরুদ্ধ হাইতির রাজধানী
",82.05128205,273.0
20181298,2244,"

রমজানের সামনে জেরুসালেমে সহিংসতা ছড়িয়ে পড়ার আশঙ্কা
",82.05128205,273.0
20181306,2244,"

জার্মানিতে আশ্রয়প্রার্থীদের ডিজিটাল ডেবিট কার্ড দেয়া হবে
",82.05128205,273.0
20181309,2244,"

হোয়াটসঅ্যাপে লোভনীয় চাকরির প্রস্তাব পেলে কী করবেন
",82.05128205,273.0
20181572,2244,"

নরসিংদীতে পরাজিত মেম্বার প্রার্থীর হামলায় আহত ৭
",82.05128205,273.0
20181801,2244,"

টাইম আউট থেকে বের হতে পারেনি শ্রীলঙ্কা, শান্তের মন্তব্য ভাইরাল
",82.05128205,273.0
20181597,2244,"

সুপ্রিম কোর্ট বারে পুনর্নির্বাচনের দাবিতে বিএনপিপন্থী আইনজীবীদের সমাবেশ
",82.05128205,273.0
20181598,2244,"

জেলা পর্যায়ের নির্বাচনে হারা ব্যক্তি যেভাবে পাকিস্তানের রেকর্ড গড়া প্রেসিডেন্ট
",82.05128205,273.0
20181816,2244,"

উগ্র ইহুদিদের ইসরাইল ত্যাগের হুমকি দিলেন প্রধান রাব্বি
",82.05128205,273.0
20181833,2244,"

 পুতিনের কর্মকাণ্ড পছন্দ ৮৩ শতাংশ রুশ নাগরিকের : জরিপ
",82.05128205,273.0
20181835,2244,"

মার্কিন জোটের ওপর হাউছিদের বড় ধরনের হামলা
",82.05128205,273.0
20181844,2244,"

সোনারগাঁওয়ে নির্বাচনী সহিংসতায় নিহত ১ : পুলিশসহ আহত ২০
",82.05128205,273.0
20181847,2244,"

আমিরাত বাংলাদেশের সাথে সম্পর্ককে অংশীদারিত্বে উন্নীত করতে চায় : পররাষ্ট্রমন্ত্রী
",82.05128205,273.0
20181853,2244,"
 	ডিবেট ফর ডেমোক্র্যাসি  
‘বেইলি রোডের অগ্নিকাণ্ডের দায় কেউ এড়াতে পারে না’
",82.05128205,273.0
20181870,2244,"

 প্রধানমন্ত্রীর সাহায্য চান ক্যান্সারে আক্রান্ত সাবেক ছাত্রনেতা শরীফ উদ্দিন অনিম
",82.05128205,273.0
20181873,2244,"

 শেরপুরে মন্দির পরিদর্শনে খাদ্যমন্ত্রী
",82.05128205,273.0
20181886,2244,"

সরকারের বিরুদ্ধে আমরণ রাজপথে থাকতে হবে : অধ্যক্ষ আলমগীর হোসেন
",82.05128205,273.0
20181892,2244,"

করিমগঞ্জে বিলের মাটি অবৈধভাবে বিক্রি পাশের জমি ধসে পড়ার আশঙ্কা
",82.05128205,273.0
20181898,2244,"

শৈলকুপায় বিএনপির লিফলেট বিতরণ 
",82.05128205,273.0
20181906,2244,"

 হবিগঞ্জে অগ্রণী ব্যাংকের হরষপুর বাজার শাখা উদ্বোধন 
",82.05128205,273.0
20181920,2244,"

 ‘কিছু নেই’ তদন্ত রিপোর্টে
",82.05128205,273.0
20181927,2244,"

বাংলাদেশী বক্সারদের জয়জয়কার
",82.05128205,273.0
20181936,2244,"

রেকর্ড গড়ে স্বর্ণ মাবিয়ার
",82.05128205,273.0
20181951,2244,"

 ওয়ারী জয়ী
",82.05128205,273.0
20181962,2244,"

১০ বছরেও খোঁজ মেলেনি নিখোঁজ মালয়েশিয়ার উড়োজাহাজের 
",82.05128205,273.0
20181965,2244,"
	গল্পকথা 
রিশা রাফির দিনগুলো
",82.05128205,273.0
20181975,2244,"

ক্ষতিকর কীটপতঙ্গ নষ্ট করে ২০-৩০ শতাংশ ফসল
	কীটপতঙ্গ গবেষণার ৫০ বছর নিয়ে ঢাকায় আন্তর্জাতিক সম্মেলন
",82.05128205,273.0
20182920,2244,"

রাজধানীতে যুবদলের লিফলেট বিতরণ
",82.05128205,273.0
20182926,2244,"
 হাদিসের কথা 
আল্লাহর রহমতে জান্নাত মিলবে
",82.05128205,273.0
20185131,2244,"

পটিয়া মহাসড়কে গতিরোধক নির্মাণের দাবিতে মানববন্ধন
",82.05128205,273.0
20222839,2244,"

তুরস্কে স্থানীয় নির্বাচন ৩১ মার্চ অবসরের ইঙ্গিত এরদোগানের
",82.05128205,273.0
20222842,2244,"

বিইএমইএ’র মতবিনিময় সভা অনুষ্ঠিত
",82.05128205,273.0
20222846,2244,"

পাঠানটোলা মডেল সরকারি প্রাথমিক বিদ্যালয়ের বার্ষিক ক্রীড়া প্রতিযোগিতা
",82.05128205,273.0
20222847,2244,"

  বিবাহবার্ষিকীতে উপহার না দেয়ায়
",82.05128205,273.0
20181120,2244,"

গাজায় ইসরাইলের হামলায় ১৩ নারী ও শিশু নিহত
",82.05128205,273.0
20181815,2244,"

খালিস্তানপন্থী নিজ্জরকে হত্যার ভিডিও সম্প্রচার কানাডার সরকারি চ্যানেলে
",82.05128205,273.0
20181798,2244,"

আকিজ গ্রুপে চাকরির সুযোগ
",82.05128205,273.0
20181794,2244,"

নিহত যুবদল নেতা মিজানের বাসায় মোনায়েম মুন্না
",82.05128205,273.0
20181689,2244,"

৫ মামলায় আগাম জামিন পেলেন আজিজুল বারী হেলাল
",82.05128205,273.0
20181599,2244,"

জমি দখল করতে চাচাকে হত্যা মামলায় ফাঁসানোর ষড়যন্ত্র!
",82.05128205,273.0
20181603,2244,"

রমজানে দ্রব্যমূল্য নিয়ন্ত্রণ ও পবিত্রতা রক্ষার দাবিতে জামায়াতের বিক্ষোভ মিছিল ও সমাবেশ
",82.05128205,273.0
20181605,2244,"

প্রধানমন্ত্রীর প্রেস সচিব ইহসানুল করিমের ইন্তেকাল
",82.05128205,273.0
20181609,2244,"

ডেঙ্গুতে আরো ২ জনের মৃত্যু
",82.05128205,273.0
20181621,2244,"

সিদ্ধিরগঞ্জে মহাসড়কের পাশে ময়লা না ফেলতে হাইকোর্টের নির্দেশনা
",82.05128205,273.0
20181625,2244,"

চাঁদ দেখা গেছে সৌদি আরবে, রোজা শুরু সোমবার
",82.05128205,273.0
20181632,2244,"

সৌদি আরবে সড়ক দুর্ঘটনায় বাংলাদেশী নিহত
",82.05128205,273.0
20181651,2244,"

বনশ্রীতে বিধি লঙ্ঘন করে বাড়ি নির্মাণ করায় ১১ লাখ টাকা জরিমানা
",82.05128205,273.0
20181660,2244,"

অবশেষে ডিএনএ পরীক্ষায় অভিশ্রুতির পরিচয় শনাক্ত
",82.05128205,273.0
20181662,2244,"

মাঝ আকাশে ঘুমিয়ে পড়েছিলেন বিমানের ২ পাইলট
",82.05128205,273.0
20181677,2244,"

ইসরাইলের ক্ষতি করছেন নেতানিয়াহু : বাইডেন
",82.05128205,273.0
20181682,2244,"

বৈদেশিক মুদ্রা ছাড়াই কাউন্টার-ট্রেড ব্যবস্থা চালু করল বাংলাদেশ ব্যাংক
",82.05128205,273.0
20181698,2244,"

ভেড়ামারায় ৪ কিমিজুড়ে পানের বরজে আগুন, শত কোটি টাকার ক্ষতির শঙ্কা
",82.05128205,273.0
20181792,2244,"

সাইপ্রাস থেকে গাজার উদ্দেশে যাত্রা করবে ত্রাণবাহী জাহাজ
",82.05128205,273.0
20181706,2244,"

মুসলমানদের ধর্মীয় স্বাধীনতা সঙ্কুচিত করার ষড়যন্ত্র চলছে : নেজামে ইসলাম পার্টি
",82.05128205,273.0
20181711,2244,"

সিঙ্গাপুর স্টিং : রাশিয়া কী করে জার্মান জেনারেলদের কথায় আড়ি পেতেছিল
",82.05128205,273.0
20181715,2244,"

নিত্যপণ্যের সরবরাহ নিয়ে রাশিয়ার সাথে সমঝোতা স্মারক সই
",82.05128205,273.0
20181718,2244,"

‘লাঙ্গলে’র দখল ছাড়তে রাজি নয় জাতীয় পার্টির কোনো পক্ষই
",82.05128205,273.0
20181728,2244,"

মাহে রমজানের শুভেচ্ছা জানিয়েছে ঢাকা মহানগরী দক্ষিণ জামায়াত
",82.05128205,273.0
20181742,2244,"

ভুটানের রাষ্ট্রদূতের ভূরুঙ্গামারীর সোনাহাট স্থলবন্দর পরিদর্শন
",82.05128205,273.0
20181743,2244,"

জাতীয় নির্বাচন নিয়ে ইউরোপীয় ইউনিয়নের রিপোর্ট নিয়ে যা বললেন ওবায়দুল কাদের
",82.05128205,273.0
20181747,2244,"

 ঈদগাঁওতে মোটরসাইকেলের ধাক্কায় পথচারী নিহত
",82.05128205,273.0
20181753,2244,"

ডিন'স অ্যাওয়ার্ড পেলেন ইবি'র ৩৩ শিক্ষার্থী
",82.05128205,273.0
20181761,2244,"

‘রমজানে মানুষকে জিম্মি করলে কেউ রেহাই পাবে না’
",82.05128205,273.0
20181765,2244,"

ফতুল্লায় গৃহবধূর লাশ উদ্ধার, স্বামী আটক
",82.05128205,273.0
20181782,2244,"

বিশ্বের প্রথম থ্রিডি প্রযুক্তির মসজিদ
",82.05128205,273.0
20181137,2244,"

ডিএমপির অভিযানে গ্রেফতার ১৭
",82.05128205,273.0
20180547,2244,"

রাজাপুরে গৃহবধূর লাশ উদ্ধার
",82.05128205,273.0
20181117,2244,"

বায়ুদূষণে সবার শীর্ষে ঢাকা, মান ‘খুবই অস্বাস্থ্যকর’
",82.05128205,273.0
20180593,2244,"

মিরসরাইয়ে শিল্পকারখানা-বিপণিবিতান ও আবাসিক ভবনে ফায়ার সেফটি নেই
বাণিজ্যিক ভবনে রয়েছে হোটেল ও রেস্টুরেন্ট
",82.05128205,273.0
20180327,2244,"

 মন্টু ডাক্তার স্মৃতি ক্রিকেট
",82.05128205,273.0
20180340,2244,"

মিনি হ্যান্ডবল
",82.05128205,273.0
20180345,2244,"

রঞ্জন-হালিমা চ্যাম্পিয়ন
",82.05128205,273.0
20180358,2244,"

হেনরির ৭ উইকেটে লড়াইয়ে  নিউজিল্যান্ড
",82.05128205,273.0
20180360,2244,"

৭০০ ক্লাবে এন্ডারসন
",82.05128205,273.0
20180366,2244,"

১৬ বছরের ইয়ামালে জয় বার্সার
",82.05128205,273.0
20180380,2244,"

রেফারিংয়ে হুমায়রা-সানরা
",82.05128205,273.0
20180392,2244,"

 অ্যাজাক্স-পুলিশের জয়ে শুরু
",82.05128205,273.0
20180404,2244,"

 ইনিংসে হারল ইংল্যান্ড
",82.05128205,273.0
20180413,2244,"

আরেকটি প্রথমের অপেক্ষায় বাংলাদেশ
",82.05128205,273.0
20180429,2244,"

৭ ছক্কায় একক আসনে রিশাদ
",82.05128205,273.0
20180434,2244,"

 হারল্যান অথেনটিক বিউটি কার্নিভ্যলে লাখ লাখ টাকার পুরস্কার
",82.05128205,273.0
20180456,2244,"

  স্ট্যান্ডার্ড ব্যাংক লার্নিং সেন্টারের আয়োজনে ‘প্রিভেনশন অব ট্রেড বেসড অ্যান্ড ক্রেডিট ব্যাকড মানিলন্ডারিং’ শীর্ষক প্রশিক্ষণ
",82.05128205,273.0
20180457,2244,"

ব্র্যাক ব্যাংক এবং মাইক্রোসেভের মধ্যে চুক্তি  
",82.05128205,273.0
20180464,2244,"

৮ নারী কর্মীকে সংবর্ধনা  ন্যাশনাল লাইফের 
",82.05128205,273.0
20180473,2244,"

লঙ্কাবাংলা ফাইন্যান্সের আন্তর্জাতিক নারী দিবস উদযাপন
",82.05128205,273.0
20180481,2244,"

বেইলি রোডের অগ্নিকাণ্ডের মামলার বিষয়ে আমিন মোহাম্মদ গ্রুপের বক্তব্য
",82.05128205,273.0
20180486,2244,"

রমজানে এমিরেটসের বিশেষ আয়োজন
",82.05128205,273.0
20180498,2244,"

মার্চেই রামগড়-সাব্রুম চেকপোস্ট দিয়ে যাত্রী পারাপার 	
ভবন উদ্বোধন করলেন মোদি
",82.05128205,273.0
20180505,2244,"

জৈন্তাপুর লাল শাপলা বিলে প্রশাসনের অভিযান কারেন্ট জাল জব্দ
",82.05128205,273.0
20180508,2244,"

ফেনীতে শ্রমজীবীদের মধ্যে ইফতারসামগ্রী বিতরণ
",82.05128205,273.0
20180511,2244,"

গফরগাঁওয়ে ফ্রি ডেন্টাল মেডিক্যাল ক্যাম্প 
",82.05128205,273.0
20180522,2244,"

রামগতিতে নবনির্বাচিত সংসদ সদস্যকে সংবর্ধনা 
",82.05128205,273.0
20180529,2244,"

  পীরগাছায় আগুনে পুড়ল অসহায় বৃদ্ধার একমাত্র ঘরটি
",82.05128205,273.0
20180558,2244,"

দেবীগঞ্জে অগ্নিকাণ্ডে ক্ষতিগ্রস্ত পরিবারের মাঝে জামায়াতের সহায়তা প্রদান
",82.05128205,273.0
20180567,2244,"
সোনাতলা প্রেস ক্লাবের নির্বাচন   
সভাপতি লিখন সম্পাদক লতিফুল
",82.05128205,273.0
20180572,2244,"

 ২৫ বছর চার পায়ে দাঁড়িয়ে!
",82.05128205,273.0
20180312,2244,"

পশ্চিম তীরে ইসরাইলি বসতির বিস্তৃতি যুদ্ধাপরাধ : জাতিসঙ্ঘ
",82.05128205,273.0
20180305,2244,"

ইস্তাম্বুলে এরদোগান-জেলেনস্কি বৈঠক শান্তি আলোচনার উদ্যোগ
সুইজারল্যান্ডের মধ্যস্থতায় রাশিয়াকে নিয়ে শান্তি সম্মেলনের ভাবনা চীনের
",82.05128205,273.0
20180296,2244,"

 দিল্লিতে নামাজরত মুসল্লিদের লাথি, পুলিশ কর্মকর্তা বরখাস্ত
",82.05128205,273.0
20173824,2244,"

কথাসাহিত্য কেন্দ্রের গল্পপাঠ আড্ডা অনুষ্ঠিত
",82.05128205,273.0
20173737,2244,"

দ্বিতীয়বার ময়মনসিংহের মেয়র হলেন টিটু
",82.05128205,273.0
20173754,2244,"

ইসলামে কেন রোজার প্রবর্তন
",82.05128205,273.0
20173756,2244,"

 প্রশ্নোত্তর
",82.05128205,273.0
20173763,2244,"
আল কুরআনের বাণী 
প্রতিপালকের অনুগ্রহ কামনায় দোষ নেই 
",82.05128205,273.0
20173769,2244,"
করতোয়ায় বোরো আবাদ 
এর কারণ কী?
",82.05128205,273.0
20173776,2244,"
ওষুধের দাম একধাপে অনেক বৃদ্ধি 
হুমকিতে পড়বে জনস্বাস্থ্য
",82.05128205,273.0
20173781,2244,"

           স্মরণ : আতিকুজ্জামান খান
",82.05128205,273.0
20173791,2244,"

 সিলগালার সার্কাস : জনগণও মহাশয়
",82.05128205,273.0
20173797,2244,"

কেবলই শাক দিয়ে মাছ ঢাকার প্রয়াস
",82.05128205,273.0
20173804,2244,"

ডোম-ইনোর বিরুদ্ধে সংবাদ সম্মেলন
",82.05128205,273.0
20173810,2244,"

সফল হতে দক্ষতার পাশাপাশি নৈতিকতা অর্জন করতে হবে : ড. চৌধুরী মাহমুদ হাসান
",82.05128205,273.0
20173812,2244,"

নারীকে উন্নয়নের মূল স্রোতধারায় সম্পৃক্ত করেছেন প্রধানমন্ত্রী : সাঈদ খোকন
",82.05128205,273.0
20173827,2244,"

 মানারাত কলেজে গ্র্যাজুয়েশন অনুষ্ঠান
",82.05128205,273.0
20180294,2244,"

হামাসকে দৃঢ়ভাবে সমর্থন করে তুরস্ক : এরদোগান
",82.05128205,273.0
20173833,2244,"

হাটহাজারীতে ভয়াবহ অগ্নিকাণ্ডে ৪০ লক্ষাধিক টাকার সম্পদ পুড়ে ছাই
",82.05128205,273.0
20173838,2244,"

 আর্মি মেডিক্যাল কোর ও আর্মি ডেন্টাল কোরের অধিনায়ক সম্মেলন অনুষ্ঠিত
",82.05128205,273.0
20173842,2244,"

হোমকেয়ার ব্র্যান্ড ‘টাইলক্স’ এর শুভেচ্ছাদূত হলেন সাকিব আল হাসান
",82.05128205,273.0
20173852,2244,"

স্মার্ট বাংলাদেশ বিনির্মাণে চট্টগ্রামের গুরুত্ব অপরিসীম :  তাজুল ইসলাম  
",82.05128205,273.0
20173855,2244,"

১৬ শতাংশ মানুষ দীর্ঘস্থায়ী কিডনি সমস্যায় আক্রান্ত 
",82.05128205,273.0
20180242,2244,"

ইতিহাসে আজ
",82.05128205,273.0
20180247,2244,"
  জানা অজানা 
তামা কী কাজে লাগে
",82.05128205,273.0
20180258,2244,"
 চী ন  দে শে র  রূ প ক থা 
নয় মাথাওয়ালা বাজপাখি
",82.05128205,273.0
20180269,2244,"

যে পিঁপড়া  দলবেঁধে পশু মেরে ফেলতে পারে
",82.05128205,273.0
20180271,2244,"
সুপ্রিম কোর্ট বার 
সম্পাদকসহ ১০ পদে আওয়ামী লীগ, সভাপতিসহ ৪ পদে বিএনপি জয়ী
",82.05128205,273.0
20180278,2244,"

 আশ্রয় নেয়া মিয়ানমারের নাগরিকদের ফেরত পাঠাচ্ছে ভারত
",82.05128205,273.0
20180289,2244,"

একাধিক মার্কিন রণতরীতে হাউছিদের হামলা
",82.05128205,273.0
20180581,2244,"

কালীগঞ্জে অবৈধ পশুর হাটের নিয়ন্ত্রণ নিলো প্রশাসন
",82.05128205,273.0
20180600,2244,"

  শৈলকুপার হাটবাজারে অপরিপক্ব পেঁয়াজ উৎপাদন ব্যাহতের আশঙ্কা
",82.05128205,273.0
20181100,2244,"

আত্মশুদ্ধি ও তাজকিয়া অর্জনের মাস পবিত্র মাহে রমজান : সেলিম উদ্দিন
",82.05128205,273.0
20180604,2244,"
	জামালগঞ্জের হাওরে ফসল রক্ষা বাঁধ নিয়ে শঙ্কা  
বর্ধিত সময়েও শেষ হয়নি কাজ গুণগত মান নিয়ে প্রশ্ন
",82.05128205,273.0
20180871,2244,"
	জামায়াতের নির্বাহী পরিষদের সভা 
রমজানের আগেই ডা: শফিকুর রহমানসহ রাজবন্দীদের মুক্তি দিন
",82.05128205,273.0
20180887,2244,"

সীমান্ত হত্যা শূন্যে নামাতে যৌথ টহল জোরদারে উভয় পক্ষ সম্মত
	বিজিবি-বিএসএফ সীমান্ত সম্মেলন
",82.05128205,273.0
20180891,2244,"

দেশে ৩২ লাখ মানুষ গ্লুকোমায় ভুগছে
",82.05128205,273.0
20180896,2244,"
জেলা পরিষদ নির্বাচন 
সিরাজগঞ্জে হেনরীর স্বামী বি-বাড়িয়ায় বিল্লাল জয়ী
",82.05128205,273.0
20180910,2244,"

টেকনাফের উনচিপ্রাং সীমান্তে ফের গুলি মর্টার শেলের শব্দ
",82.05128205,273.0
20180920,2244,"

রাশিয়া-ইউক্রেন যুদ্ধে ২ বছরে নিহত ১১ হাজার বেসামরিক
",82.05128205,273.0
20180926,2244,"

 রাজবন্দী নয় কারাগারে আছে অপরাধে জড়িত বিএনপির নেতাকর্মী : স্বরাষ্ট্রমন্ত্রী
",82.05128205,273.0
20180931,2244,"

 পাকিস্তানি প্রশাসনের সাথে সম্পর্ক ছিন্নের আহ্বান
",82.05128205,273.0
20180943,2244,"

 দ্বিতীয়বার পাকিস্তানের প্রেসিডেন্ট হলেন আসিফ আলী জারদারি
",82.05128205,273.0
20180955,2244,"

শ্রীলঙ্কার কাছে টি-২০ সিরিজ হার বাংলাদেশ
",82.05128205,273.0
20180965,2244,"

গাজায় বন্দর নির্মাণ মূল ঘটনাকে আড়ালের কৌশল
",82.05128205,273.0
20180968,2244,"

বঙ্গবন্ধু মেমোরিয়াল ট্রাস্টের সভায় প্রধানমন্ত্রী
",82.05128205,273.0
20180975,2244,"
	নানা নাটকীয়তার পর সুপ্রিম কোর্ট বার নির্বাচনে ভোট গণনা  	 
সভাপতি খোকন, সম্পাদক হচ্ছেন শাহ মঞ্জুরুল
সম্পাদক প্রার্থী ব্যারিস্টার কাজল গ্রেফতার
",82.05128205,273.0
20180984,2244,"

আমরা পুতুল নই : তাইওয়ান
",82.05128205,273.0
20180986,2244,"

আদানির বিদ্যুতের বকেয়া পাওনা ছাড়ে তোড়জোড়
৩ হাজার কোটি টাকা ভর্তুকি; ছাড় করতে বিদ্যুৎ বিভাগের চিঠি
",82.05128205,273.0
20180993,2244,"

সাফল্যের চতুর্থ বর্ষে শাই টি
",82.05128205,273.0
20180997,2244,"

ইউরিক অ্যাসিডে কিডনির রোগও হতে পারে!
",82.05128205,273.0
20181004,2244,"

সিলগালার সার্কাস : জনগণও মহাশয়
",82.05128205,273.0
20181016,2244,"

কেবলই শাক দিয়ে মাছ ঢাকার প্রয়াস
",82.05128205,273.0
20181028,2244,"

হামাসের অর্থায়ন ঠেকাতে লেবাননের ওপর চাপ যুক্তরাষ্ট্রের
",82.05128205,273.0
20181047,2244,"

এবার বেটিং করে ফেঁসে গেলেন সাকিবের বোন
",82.05128205,273.0
20181049,2244,"

ভিনগ্রহের প্রাণীর অস্তিত্বের প্রমাণ পাওয়া যায়নি : পেন্টাগন
",82.05128205,273.0
20181055,2244,"

গাজায় জেটি নির্মাণসামগ্রী নিয়ে যুক্তরাষ্ট্র ছেড়েছে মার্কিন জাহাজ
",82.05128205,273.0
20181065,2244,"

রমজানের পবিত্রতা রক্ষার দাবিতে রাজধানীতে জামায়াতের বিক্ষোভ
",82.05128205,273.0
20181073,2244,"

'দেশের ৯৬ ভাগ মানুষ এই সরকারকে ‘না’ বলে বলে দিয়েছে'
",82.05128205,273.0
20181082,2244,"

বিজিএমইএ নির্বাচনে সব পদে সম্মিলিত পরিষদ জয়ী
",82.05128205,273.0
20181094,2244,"

আবারো লাহোরের হার, বেঁচে রইলো করাচির প্লে অফ স্বপ্ন
",82.05128205,273.0
20180862,2244,"
	দ্রব্যমূল্য বৃদ্ধিতে সারা দেশে বিএনপির লিফলেট বিতরণ 
২৮ অক্টোবরের মতো নারকীয় ঘটনা ’৭১ সালে পাকিস্তান বাহিনীও ঘটায়নি : মির্জা আব্বাস
",82.05128205,273.0
20180857,2244,"
 রাজপথে মৃত্যুর হানা 
তিন জেলায় নিহত ৩
",82.05128205,273.0
20180850,2244,"

চলতি মাসেই প্রাথমিক শিক্ষকদের বদলি প্রক্রিয়া শুরু
",82.05128205,273.0
20180715,2244,"

সাংবাদিক শফিউজ্জামান রানার মুক্তি দাবি বিএফইউজের
",82.05128205,273.0
20180620,2244,"

কিশোরগঞ্জে বিএনপির লিফলেট বিতরণ
",82.05128205,273.0
20180626,2244,"

ছাগল-ভেড়ার পরিবেশবান্ধব শেডঘর বিতরণ
",82.05128205,273.0
20180636,2244,"

 জমি দখলের পর মিথ্যা মামলায় হয়রানির প্রতিবাদে মানববন্ধন 
",82.05128205,273.0
20180645,2244,"

 নবগঠিত ছাত্রদল কেন্দ্রীয় সংসদকে শুভেচ্ছা জানিয়ে মিরসরাইয়ে আনন্দ মিছিল
",82.05128205,273.0
20180650,2244,"

মুরাদনগরে শিশু হত্যা মামলায় ৩ জনের মৃত্যুদণ্ড, ১ জনের যাবজ্জীবন
",82.05128205,273.0
20180657,2244,"

 জামালপুরে কিশোর গ্যাংয়ের ছুরিকাঘাতে বিশ্ববিদ্যালয়ের ৮ শিক্ষার্থী আহত
",82.05128205,273.0
20180669,2244,"

 ভোলাহাটে অবৈধভাবে অর্ধশত বছরের সরকারি আমগাছ কাটার অভিযোগ
",82.05128205,273.0
20180674,2244,"

 রানীনগরে র‌্যাবের অভিযানে ২০ কেজি গাঁজাসহ ২ মাদককারবারি আটক
",82.05128205,273.0
20180677,2244,"

ইন্দুরকানীতে রুটির দোকানের চুল্লির পাশে তেল গ্যাসের গুদাম
",82.05128205,273.0
20180685,2244,"
 	নাসের চেয়ারম্যান শামিম মহাসচিব 
তৃণমূল জাতীয় পার্টির কমিটি গঠন
",82.05128205,273.0
20180693,2244,"

মসজিদের শান্তির পরিবেশ সমাজে চালু হলে দেশে অশান্তি থাকবে না -মাওলানা মুজিবুর রহমান হামিদী 
",82.05128205,273.0
20180701,2244,"

 ১৫ মার্চ দেশব্যাপী বিক্ষোভ করবে ৫ দলীয় বাম জোট
",82.05128205,273.0
20180717,2244,"

মালয়েশিয়ায় বাংলাদেশের স্বাধীনতা ও জাতীয় দিবস উদযাপন
",82.05128205,273.0
20180844,2244,"
	জাপার একাংশের কাউন্সিল  
রওশন চেয়ারম্যান, নির্বাহী চেয়ারম্যান ফিরোজ রশীদ মহাসচিব কাজী মামুন
",82.05128205,273.0
20180724,2244,"
 	দুর্নীতিবিরোধী মুট কোর্ট প্রতিযোগিতা  
চ্যাম্পিয়ন ঢাকা বিশ্ববিদ্যালয় ও রানার-আপ স্টেট ইউনিভার্সিটি অব বাংলাদেশ
",82.05128205,273.0
20180742,2244,"

 ব্রেইল পদ্ধতির নতুন বই পেয়ে খুশি দৃষ্টিপ্রতিবন্ধী এতিম মাদরাসার শিক্ষার্থীরা
",82.05128205,273.0
20180753,2244,"

ওয়াহিদুজ্জামান-লিয়াকতের নেতৃত্বে রিহ্যাব কমিটির দায়িত্ব গ্রহণ
",82.05128205,273.0
20180760,2244,"

দেশে ফিরেছেন ওবায়দুল কাদের 
",82.05128205,273.0
20180770,2244,"

 বিমানবন্দরে লাগেজ খুলতেই...
",82.05128205,273.0
20180783,2244,"
 হেলথ টিপস 
ইফতার-সাহরি নিয়ে পরামর্শ
",82.05128205,273.0
20180794,2244,"

কারাগারে ইমরানের সাথে সাক্ষাতে বাধা নেই পিটিআই নেতাদের
",82.05128205,273.0
20180800,2244,"

 মস্কোয় সন্ত্রাসী হামলার বিষয়ে ফের যুক্তরাষ্ট্রের সতর্কবার্তা
",82.05128205,273.0
20180815,2244,"

হালদা নিয়ে পরিবেশবিদদের নয়া শঙ্কা
",82.05128205,273.0
20180830,2244,"

  নারীর জন্য বিনিয়োগ বাড়ালে উন্নয়ন ত্বরান্বিত হবে : ডেপুটি স্পিকার
",82.05128205,273.0
20180832,2244,"

ফিলিস্তিনি শরণার্থীদের সহায়তা বন্ধের সিদ্ধান্ত বদল কানাডার
",82.05128205,273.0
20180840,2244,"
	মুক্তি দাবি বিএফইউজে-ডিইউজের 
সাংবাদিক শফিউজ্জামান রানাকে কারাদণ্ডের নিন্দা ও প্রতিবাদ
",82.05128205,273.0
20222865,2244,"

অস্ট্রেলিয়ার দরকার ২০২ রান, নিউজিল্যান্ডের ৬ উইকেট
",82.05128205,273.0
